actual_price,point_avm_prediction,quantile_q50_prediction,point_absolute_percentage_error,q50_absolute_percentage_error
762450.0,757902.7836507543,744785.2589323462,0.00596395350415863,0.023168392770219363
390000.0,431144.11600043415,425847.0258573755,0.10549773333444654,0.09191545091634751
339000.0,340626.1277969768,352588.5340461903,0.0047968371592236785,0.040084171227700076
194000.0,255417.14664088842,258806.37949920766,0.31658323010767225,0.33405350257323535
641500.0,348524.74479959806,387334.88500390976,0.4567034375688261,0.39620438814667225
420000.0,452858.61939628155,470774.76347089437,0.07823480808638462,0.12089229397831992
610000.0,708695.9703687503,709266.7853863086,0.1617966727356562,0.16273243505952223
1250000.0,1271249.00642627,1113823.627969428,0.01699920514101591,0.10894109762445763
602000.0,604848.7488668793,594162.7561838649,0.0047321409748824995,0.013018677435440369
1500000.0,1670929.0972242209,1346509.0841741685,0.11395273148281392,0.10232727721722099
472000.0,500950.2400154224,516253.2283706688,0.06133525426996272,0.09375683976836605
542000.0,572568.2774909197,571520.3849713682,0.05639903596110644,0.0544656549287237
1700000.0,1588863.627773641,1462537.7639985378,0.06537433660374065,0.13968366823615425
346900.0,353943.96462326305,352519.0679708661,0.020305461583346923,0.016197947451329214
212625.0,270377.1151644847,275411.56883774744,0.2716148861351427,0.2952925048218575
628990.0,651969.0073357227,666537.324141775,0.0365331838911949,0.05969462812091611
252000.0,246170.02788087542,232567.22012460974,0.0231348099965261,0.07711420585472326
255000.0,258109.17843445422,272952.3788423407,0.012192856605702842,0.07040148565623813
285000.0,355442.78710880654,364518.5580260437,0.24716767406598789,0.2790124843019077
380000.0,413527.7165324497,415691.9846908962,0.0882308329801308,0.09392627550235837
300000.0,278026.3027003822,277551.3560272848,0.07324565766539269,0.07482881324238395
425000.0,424644.060117137,424684.36241768784,0.0008375056067365221,0.000742676664263914
419950.0,300096.3087059385,301855.53453705675,0.2853999078320312,0.28121077619464996
205950.0,193694.51236562626,209610.77664736426,0.05950710189062268,0.017775074762632945
510000.0,460892.51140258735,467926.0002490173,0.0962891933282601,0.08249803872741701
299900.0,304206.57775958703,299962.79582780175,0.014360045880583632,0.0002093892224132937
495000.0,506484.5710760526,499509.8237912098,0.023201153688995176,0.009110755133757137
425000.0,493033.8130765452,480829.6479735563,0.16007956018010633,0.13136387758483836
451000.0,357569.8806243887,354914.7936730534,0.20716212721865035,0.21304923797549138
245000.0,269241.0549328425,261415.8315514725,0.0989430813585408,0.0670033940876429
1135000.0,1000307.7766801537,1067842.927471956,0.11867156239634037,0.059169226896955064
565000.0,560774.1636333473,565187.1958101431,0.007479356401155299,0.0003313200179524555
420000.0,568862.653039948,536519.745636617,0.3544348881903523,0.27742796580146895
1080000.0,1060589.7256238293,1123271.6116767724,0.017972476274232138,0.040066307108122555
915000.0,920202.9146890551,890823.9174077358,0.005686245561808811,0.02642194818826685
570000.0,520104.0815666786,535243.5989938964,0.08753669900582703,0.060976142115971244
399950.0,363751.51086195046,350832.5276841773,0.09050753628715974,0.12280903191854664
420000.0,429008.5018945526,418404.2508497056,0.021448814034649072,0.0037994027387961977
580000.0,571150.9986486998,574336.9822809261,0.015256898881552003,0.009763823653575723
645000.0,623854.4545894284,605518.3114507628,0.03278379133421957,0.06121192023137552
485000.0,523802.1221390086,541177.5403022119,0.08000437554434763,0.11582998000456059
704111.0,710364.2657657531,657241.0994086254,0.008881079497058146,0.06656606783784745
415000.0,442258.36561686685,444603.41383386974,0.06568280871534181,0.07133352731052948
315001.0,262109.7441976283,269739.74549422617,0.16790821553700375,0.14368606609431028
680000.0,631214.4332598373,620477.3023284399,0.07174348050023922,0.08753337892876487
410000.0,342206.90097865975,343665.24963110656,0.16534902200326893,0.1617920740704718
335000.0,336633.3109089182,305032.9496607026,0.004875554951994659,0.08945388160984295
370000.0,373035.5770174741,379737.1845875371,0.008204262209389471,0.026316715101451563
550000.0,645348.612890695,619799.4316413279,0.17336111434671816,0.12690805752968712
485000.0,489938.0875218405,471210.749806498,0.01018162375637222,0.028431443697942264
441000.0,428070.7711870933,435200.5367193074,0.029317979167588926,0.013150710387058005
685530.0,617624.52351714,619937.2271170602,0.09905544102061185,0.09568184161588812
340000.0,309379.00508117565,259495.5985225795,0.09006174976124809,0.23677765140417795
525000.0,534471.874910066,540497.49581365,0.01804166649536385,0.029519039645047547
620000.0,559947.9073389597,593568.5426342133,0.09685821396941977,0.04263138284804299
525000.0,494515.1050035327,518675.53330636094,0.05806646665993768,0.012046603225979155
629950.0,680894.059655951,709628.154935891,0.08087000500984362,0.1264833001601572
343000.0,354699.79409598367,339516.02229936444,0.03411018686875706,0.010157369389608041
820000.0,819073.5294813045,799702.5737693701,0.0011298420959701704,0.02475295881784135
275000.0,252071.79199059337,256767.3048648475,0.08337530185238776,0.06630070958237269
450000.0,502380.20173986995,493751.0831727325,0.11640044831082212,0.09722462927273888
365000.0,589734.6200589649,581656.7660148056,0.6157112878327806,0.5935801808624812
315500.0,309838.77102381724,312151.91822466755,0.01794367345858243,0.010611986609611575
1698000.0,1985539.58836533,1888911.5436408932,0.16934015804789745,0.11243318235623863
722080.0,728759.131149736,748182.4090890118,0.00924984925456459,0.03614891575588832
352000.0,294621.2283338085,317791.2191119661,0.16300787405168046,0.0971840366137327
390000.0,476404.33046964416,458083.8539990129,0.2215495653067799,0.17457398461285362
675000.0,783447.9922703967,797939.6855511442,0.1606636922524395,0.18213286748317656
350000.0,411328.8802059696,424435.6987277493,0.17522537201705604,0.21267342493642655
626000.0,572187.6493052705,562312.5921802071,0.08596222155707585,0.10173707319455728
157000.0,148134.96402600087,172624.51314176005,0.05646519728661863,0.0995191919857328
256500.0,248624.90973854216,255256.56780756195,0.030702106282486694,0.004847688859407599
430000.0,481596.9161736,490138.31904203503,0.1199928283106977,0.13985655591170937
380000.0,421980.7467701031,403305.9560265827,0.11047564939500819,0.06133146322784918
2200000.0,1472397.438007968,1579433.682839021,0.33072843726910545,0.28207559870953586
302860.0,384042.87370091514,369139.6715301071,0.2680541296338742,0.21884590744933993
365650.0,354838.3301054391,349808.01341399614,0.029568357430769535,0.043325547890069344
1010000.0,1113520.55068341,1116832.264249224,0.10249559473604941,0.1057745190586376
159100.0,176781.0428368228,192520.76603079052,0.11113163316670523,0.2100613829716563
645000.0,422167.6997276298,401709.80783834157,0.34547643453080656,0.3771940963746642
189950.0,197955.7739730811,207242.74689941044,0.042146743738252626,0.09103841484290835
906000.0,933588.0140261828,886597.5696489871,0.030450346607265807,0.021415486038645532
684000.0,670736.4146517762,661985.6946045758,0.019391206649450002,0.03218465701085416
587750.0,468929.97489666723,490798.44139216735,0.2021608253565849,0.16495373646589986
345000.0,327153.5188582697,324146.7554353725,0.051728930845595156,0.06044418714384774
967000.0,872193.9109078887,832527.2761257067,0.09804145717901895,0.1390617620209858
205000.0,207740.85783502174,212031.85144583893,0.013370038219618258,0.03430171436994598
425000.0,443289.4063560466,454158.60546430456,0.04303389730834498,0.0686084834454225
419950.0,474584.563595017,468908.8586960753,0.13009778210505302,0.11658259006090076
880000.0,918719.0747462044,914143.5532262161,0.0439989485752323,0.038799492302518314
685000.0,729590.1684797455,724130.6335919905,0.06509513646678176,0.05712501254305175
230000.0,196599.02784719947,195430.00779718359,0.14522161805565448,0.15030431392528876
172000.0,218896.9590362207,217373.3062965683,0.2726567385826785,0.2637982924219088
552500.0,500498.7456405387,504260.8674352579,0.09411991739269016,0.08731064717600383
616300.0,628894.9692997353,635583.4684596676,0.020436425928501166,0.031289093720051335
730000.0,634824.0023629339,628885.2078004748,0.130378078954885,0.13851341397195227
273000.0,286200.09660529747,281443.63576174586,0.04835200221720685,0.030929068724343794
505000.0,424312.1148213929,439997.37466876855,0.15977799045268729,0.12871806996283455
556000.0,492662.2210836566,510235.3067026413,0.11391686855457447,0.0823105994556811
230000.0,294609.66552910017,274068.72890069726,0.28091158925695725,0.19160316913346634
210000.0,222487.45297824725,233431.17917874618,0.059464061801177394,0.11157704370831516
507000.0,515477.5273566046,512704.9551755425,0.016720961255630336,0.011252377072075947
725000.0,703917.9914565287,795012.1017173901,0.02907863247375357,0.0965684161619174
197000.0,296961.32032119203,310477.47250120447,0.507417869650721,0.5760277791939313
678500.0,630980.1171629027,620725.333227207,0.07003667330449119,0.08515057741015924
294950.0,320674.7707652525,315246.8930829712,0.08721739537295314,0.0688146909068358
850000.0,720991.3290483438,742492.9466632426,0.15177490700194846,0.12647888627853807
474950.0,512172.08692731895,542623.4448627565,0.07837053779833444,0.142485408701456
280000.0,309614.14417454804,319278.10182353616,0.10576480062338586,0.1402789350840577
685000.0,607590.7823799212,627316.6904953268,0.11300615710960413,0.08420921095572735
540000.0,565758.0065781532,596487.8604066139,0.04770001218176524,0.10460714890113687
395000.0,380004.61533229385,396866.3384177855,0.037962999158749754,0.004724907386798671
400000.0,464687.55121013167,445989.01677671203,0.16171887802532917,0.11497254194178007
370000.0,366650.35108343407,336017.3807421567,0.009053105179907917,0.09184491691308999
399900.0,398093.37964740477,383719.42708054895,0.004517680301563465,0.040461547685549014
815000.0,835076.2212841568,843587.5505456802,0.02463340034865863,0.03507674913580395
130000.0,230195.1799471855,245628.4242949608,0.7707321534398885,0.8894494176535446
680000.0,595305.7881570257,588621.9890271513,0.12455031153378573,0.13437942790124816
320000.0,338839.81995659624,335540.44745922735,0.05887443736436326,0.04856389831008546
565000.0,574171.1795755647,573397.1668238534,0.0162321762399375,0.014862242166112193
729950.0,770554.2091701603,764319.0629273093,0.05562601434366785,0.047084133060222355
240500.0,260722.13430696333,238829.1435672923,0.08408371853207205,0.006947427994626567
317000.0,336258.12230387115,329531.23503748863,0.060751174460161345,0.03953070989744047
355000.0,307595.4121138747,333582.43147145305,0.1335340503834516,0.060331178953653385
620000.0,522646.7563453313,542323.5684020686,0.15702136073333658,0.1252845670934378
568000.0,482354.96854868426,502270.6236238431,0.1507835060762601,0.11572073305661432
450000.0,502598.8735078496,499759.6887447482,0.11688638557299907,0.11057708609944042
1099880.0,1244725.2524716512,1305446.5979280223,0.13169186863262464,0.18689911438340753
798000.0,803663.6947629679,789809.5200660299,0.0070973618583557345,0.010263759315752057
246000.0,251024.53736584724,236230.388513156,0.02042494864165544,0.03971386783269915
352000.0,325501.09883171687,335623.90169697057,0.07528096922807709,0.04652300654269725
1350000.0,979999.3715041183,856657.145660386,0.274074539626579,0.3654391513626771
590000.0,602992.1980589386,586765.4596461988,0.022020674676167133,0.005482271786103759
481000.0,502051.50425769005,485870.3854762455,0.04376612111785872,0.010125541530655898
450000.0,466424.6232720677,492962.90726169496,0.036499162826817096,0.09547312724821101
374950.0,357791.8168221767,360674.834064496,0.045761256641747745,0.038072185452737745
805000.0,728698.7065016667,744722.2459812944,0.09478421552587989,0.07487919753876468
384000.0,389317.860740744,415337.19506351324,0.013848595679020794,0.08160727881123239
790000.0,707016.7035258382,711155.0992641991,0.10504214743564784,0.09980367181746944
420000.0,290675.9300001298,288413.02767614654,0.30791445238064336,0.31330231505679396
310000.0,301170.72072151717,296755.3608996926,0.028481546059622047,0.04272464225905621
600000.0,656745.9362777917,620108.0365426245,0.09457656046298624,0.033513394237707446
656000.0,555056.8837921552,555385.1583609567,0.1538767015363488,0.15337628298634648
353000.0,438718.91828279616,410555.7195061584,0.2428297968351166,0.16304736404010872
110000.0,152843.00258175307,171625.1005618026,0.38948184165230065,0.5602281869254782
756100.0,551777.6707550469,559618.3690766742,0.27023188631788536,0.259861963924515
310000.0,322141.6151244289,335267.3560482653,0.039166500401383475,0.08150760015569451
345000.0,278730.050881607,284374.0779867154,0.1920868090388203,0.17572731018343357
520000.0,561497.656762903,530180.6490184773,0.07980318608250572,0.01957817118937942
259950.0,256989.78204610376,271268.36074428476,0.011387643600293276,0.04354052988761207
460000.0,536359.0521952027,499757.7020758227,0.16599793955478842,0.08642978712135367
300000.0,316431.7536639709,335587.0179315994,0.05477251221323638,0.11862339310533135
204900.0,212082.80963773403,215648.49654870335,0.03505519588938031,0.052457279398259386
589500.0,496590.2451698975,586357.1247810934,0.15760772659898642,0.0053314253077295275
220000.0,230513.72223279387,217070.68040383232,0.04778964651269939,0.013315089073489468
433495.0,424268.6909975874,430404.04388536233,0.021283541914930044,0.0071303154929991475
745000.0,730509.8987647862,793540.5665436767,0.01944980031572323,0.06515512287741833
217500.0,210079.4960943931,219327.84748386356,0.03411725933612365,0.008403896477533606
290000.0,243832.9472144829,251998.60571690756,0.1591967337431624,0.13103929063135322
317500.0,322844.26520887995,348196.0926612554,0.016832331366551028,0.09668060680710358
680000.0,694860.4419600934,674510.362830656,0.021853591117784482,0.008072995837270591
355425.0,455326.424326931,455229.25679825764,0.28107596349984104,0.2808025794422386
399500.0,380860.04954645067,397455.6751300024,0.04665819888247642,0.005117208685851376
530000.0,500815.73175286624,523316.97454475,0.0550646570700637,0.012609481991037732
237950.0,204913.69392555862,208986.33420439018,0.13883717619012978,0.12172164654595428
294570.0,266439.4999862481,284302.2485176119,0.0954968259284785,0.034856745365747094
250000.0,202207.66582502035,205725.27879940276,0.19116933669991862,0.17709888480238895
490000.0,396782.1457171851,384948.85612246266,0.19024051894452018,0.21439008954599456
620000.0,852384.4958166284,916807.3947595863,0.3748137029300459,0.4787216044509457
319900.0,363214.4933177894,362693.15270105953,0.13540010415063894,0.1337704054425118
365000.0,360594.64404636994,360668.4899189394,0.012069468366109753,0.011867150907015287
278500.0,253279.49667800133,256023.10558946885,0.09055836022261639,0.08070698172542605
660000.0,604212.9791901398,615731.599332248,0.08452578910584879,0.06707333434507882
350000.0,367764.6725507834,369203.8826608821,0.05075620728795251,0.05486823617394881
360000.0,348234.0586724503,329897.129250756,0.0326831703543047,0.08361908541456667
965000.0,872782.279255888,856224.4699878506,0.09556240491617828,0.11272075648927395
325000.0,427977.64539823524,419148.53237563453,0.3168542935330315,0.2896877919250293
300000.0,295992.6163460657,294522.4827187566,0.013357945513114294,0.01825839093747801
323000.0,325938.5985742428,332927.3560921861,0.009097828403228444,0.03073484858261957
392000.0,462434.60106835474,409590.6922588544,0.17968010476621107,0.04487421494605713
183750.0,311927.22779900336,322231.32142861385,0.6975631444843721,0.7536398445094632
609950.0,596711.2161601977,578665.4248304153,0.021704703401593996,0.05129039293316619
400000.0,429789.65320063324,411792.95687990665,0.0744741330015831,0.02948239219976662
580000.0,566004.2517655315,529943.4245830942,0.024130600404256054,0.08630444037397553
628000.0,589010.4902908301,576783.7166216937,0.062085206543264104,0.0815545913667298
380000.0,372376.4610001226,377939.64251755935,0.020061944736519486,0.005421993374843824
309950.0,256619.05257516596,264037.99625057564,0.17206306638113902,0.14812712937384856
1810000.0,1610852.248326643,1563243.546923088,0.1100263821399763,0.13632953208669177
1150000.0,1303633.2473001427,1389819.6353249212,0.13359412808708057,0.20853881332601845
750000.0,728419.3483909358,773314.8264202427,0.02877420214541893,0.03108643522699022
500000.0,495262.3043482612,501021.4407310643,0.009475391303477576,0.0020428814621286
415000.0,448463.83051839494,467575.5284083904,0.08063573618890348,0.12668802026118173
717000.0,730961.8036639574,735162.9065409489,0.019472529517374337,0.025331808285842257
530000.0,581580.2207497103,589972.8189947607,0.09732117122586856,0.11315626225426556
326000.0,320123.8674997723,337731.05278025306,0.01802494631971692,0.03598482447930385
425000.0,227662.70756665274,248353.9007666146,0.4643230410196406,0.41563788054914214
395000.0,364741.3198966643,370585.92031732807,0.07660425342616634,0.061807796664992226
565000.0,542093.1966143249,560547.0370465899,0.04054301484190278,0.007881350360017896
532000.0,492703.90721545066,496025.0061517913,0.07386483606118298,0.06762216888761031
650000.0,573988.9067112944,577177.411021248,0.11694014352108549,0.11203475227500312
394000.0,340369.6715401981,361969.08879983454,0.1361175849233551,0.0812967289344301
329950.0,314680.0179881867,321376.68888444937,0.04627968483653075,0.025983667572512907
235000.0,227364.46564201394,238599.69700694288,0.032491635565898146,0.015317859604012251
875000.0,649629.9401519186,648577.089925802,0.25756578268352165,0.25876904008479773
565000.0,540310.1436366215,538032.2490353754,0.04369886082013888,0.04773053268075146
375000.0,374694.7106010407,364861.84989697405,0.0008141050638915039,0.027035066941402543
317500.0,281554.69379716576,282944.46930423816,0.11321356284357241,0.10883631715200581
370000.0,263539.0491789999,290975.13314874296,0.2877322995162165,0.21358072121961363
843000.0,826515.4342612687,810639.553762937,0.019554645004426212,0.03838724346033575
399950.0,412968.8962560055,439747.2901070342,0.03255130955370798,0.09950566347551995
1700000.0,1150049.2058972083,1158696.2395399057,0.32350046711928926,0.31841397674123195
920000.0,908516.4144898757,945035.0659787796,0.012482158163178625,0.027212028237803883
1295000.0,1061158.4317209674,1132737.357499921,0.18057263959770856,0.12529933783789884
539000.0,507523.5875283072,472892.9036214351,0.05839779679349309,0.1226476741717345
268000.0,312871.2874223439,306524.50389023905,0.16743017694904447,0.14374814884417556
445000.0,418201.83990305976,400531.57739354303,0.06022058448750615,0.09992903956507183
827500.0,765580.7462430563,813451.3380401618,0.07482689275763595,0.01697723499678337
349000.0,349251.24254509504,341728.7491995764,0.0007198926793554141,0.020834529514107778
349950.0,311134.150214295,316008.33540126,0.11091827342678949,0.09699004028786969
226800.0,218558.20472826037,233555.1669380099,0.03633948532513062,0.02978468667552868
293000.0,270888.8605463255,289199.599049514,0.07546463977363307,0.012970651708143396
425000.0,437115.14710140944,423907.5412931746,0.02850622847390457,0.0025704910748832696
280000.0,269321.86588057596,283860.1272637852,0.03813619328365728,0.013786168799232942
435000.0,446662.0744485356,432133.55673217284,0.026809366548357763,0.006589524753625644
239950.0,259016.21781128415,272971.35349395307,0.07945912819872536,0.13761764323381148
144975.0,166287.3215952244,185864.9774863585,0.14700687425572964,0.2820484737807104
249000.0,256461.93248868422,259859.4021086775,0.029967600356161535,0.043612056661355376
492000.0,446421.5463253141,450590.9471565443,0.09263913348513396,0.08416474155173921
435010.0,292612.4777334792,304479.69994662347,0.3273431007712945,0.30006275730069776
565000.0,538442.0895685493,565472.2481100457,0.04700515120610743,0.000835837362912706
175000.0,256907.09547646335,237876.10991043548,0.4680405455797906,0.3592920566310599
250000.0,270154.2744897039,274269.6404330684,0.08061709795881551,0.09707856173227356
590000.0,493635.3584527235,487278.7294713708,0.1633299009275873,0.1741038483536088
775000.0,723471.5359714746,699020.2839061469,0.06648834068196825,0.09803834334690725
1389000.0,1101565.4248887468,1014444.3405773647,0.20693633917296847,0.2696585021041291
517500.0,484949.2183060325,454485.6546474543,0.06290006124438169,0.12176685092279357
1940000.0,1748861.3650120832,1647062.351286398,0.0985250695814004,0.15099878799670205
465000.0,447914.070599994,427341.4268611586,0.03674393419356133,0.08098617879320737
367000.0,396655.5571117902,391748.0466792106,0.08080533272967365,0.06743336969812157
702000.0,699858.0067885008,675076.4003884298,0.0030512723810529664,0.03835270599938781
449950.0,536429.8699697423,551301.3570122186,0.19219884424878822,0.2252502656122204
299000.0,415158.3924060772,417594.6987455715,0.3884896067092882,0.39663778844672737
663500.0,531998.8736001187,517030.54670995916,0.1981931068573946,0.2207527555237993
580000.0,528395.300223908,539190.4921721154,0.08897362030360684,0.07036122039290454
477500.0,530144.0457736828,521473.61950978695,0.1102493105208016,0.09209134975871612
479000.0,467165.55715454434,462286.4397624694,0.024706561263999293,0.03489261009922885
719521.0,542657.5347782377,527298.2192266595,0.24580723178581626,0.2671538159043871
398500.0,348219.110848918,359341.6008583971,0.1261753805547855,0.0982644896903461
525000.0,470117.2871426113,484757.8590896837,0.10453850068074041,0.07665169697203109
459950.0,472907.6361532959,459221.74653051107,0.028171836402426192,0.0015833318175648065
225000.0,292341.69753372285,302540.6493572087,0.29929643348321266,0.34462510825426085
555000.0,575970.4020949939,570909.2576434249,0.03778450827926821,0.028665329087252084
670000.0,585143.7372069422,604336.7083701403,0.12665113849710125,0.09800491288038762
940000.0,835039.5187162359,845957.4241868833,0.1116600864720895,0.1000452934182093
775000.0,678147.5435498737,649585.5587494946,0.12497091154855,0.1618250854845231
406000.0,301432.7180080274,307498.7016596433,0.25755488175362706,0.24261403532107556
970000.0,991901.1398060361,1054973.537809782,0.02257849464539808,0.08760158537090924
263700.0,307681.06083123584,326500.9768097285,0.16678445518102328,0.2381531164570667
395000.0,412130.2491376562,421347.64484083524,0.04336771933583843,0.06670289833122847
430000.0,372245.8084642313,346530.13182201405,0.13431207333899695,0.19411597250694407
789800.0,970561.7393265723,890367.7051345634,0.22887027010201605,0.1273331288105386
890000.0,445576.95497166907,451731.5864290886,0.4993517359868887,0.49243641974259705
349990.0,314474.6196138698,316433.3135138426,0.10147541468650587,0.09587898650292126
610000.0,633571.6810409169,586271.1953642217,0.038642100067076954,0.0388996797307841
934000.0,818084.0261882015,783308.5458573122,0.12410703834239668,0.16133988666240667
2903000.0,1923365.5064390046,2055469.465184563,0.3374559054636567,0.2919498914279838
389000.0,411112.3056414159,401226.55866416596,0.056843973371249044,0.031430742067264685
625000.0,820796.8803036766,776966.1314929442,0.3132750084858825,0.24314581038871072
850000.0,696860.2242127027,753848.5859173164,0.1801644421027027,0.11311931068551015
1208000.0,989855.3548063459,1000964.5272295519,0.1805833155576607,0.17138698077023848
364808.0,343715.4665979223,357191.9171037543,0.05781817669041709,0.020876962391849142
297975.0,345589.5731724735,357053.9010650221,0.15979385241202626,0.19826797907549998
580000.0,503636.36587546073,510635.32554717327,0.13166143814575737,0.11959426629797712
560000.0,579914.8960020499,583344.5064455334,0.035562314289374834,0.04168661865273815
135000.0,208434.2885393526,230292.1034763336,0.5439576928840932,0.7058674331580267
235000.0,262200.7314563447,251674.99490098245,0.1157477934312541,0.0709574251105636
475000.0,251101.9342651755,273288.9186109413,0.47136434891541995,0.42465490818749196
172380.0,182296.50220617725,198651.71557002972,0.05752698808549279,0.1524058218472544
700000.0,540731.6627032489,475145.2879624462,0.22752619613821584,0.3212210171965054
265000.0,368661.15546682524,372861.085603466,0.39117417157292544,0.4070229645413812
355000.0,403583.5639322457,384103.03709497256,0.13685510966829778,0.0819803861830213
322000.0,289826.04803400044,292772.9963285659,0.09991910548447067,0.09076709214731095
588000.0,758266.7804086818,756685.6225439655,0.28956935443653375,0.28688031044892087
249000.0,313301.785171508,317604.3098718868,0.25824010109039347,0.2755193167545655
425000.0,1032291.9249398103,711064.7059585582,1.4289221763289655,0.6730934257848429
526000.0,506546.03933352337,503985.6673791657,0.03698471609596318,0.041852343385616525
448175.0,500539.2029282875,508028.7591922981,0.11683874140299548,0.13354997309599623
415000.0,499475.23337068525,498625.21740821935,0.2035547792064705,0.2015065479716129
921500.0,679239.3292618969,629706.2394067205,0.26289817768649276,0.31665085251576724
285900.0,223336.7368482132,240127.12993313133,0.21882918206291296,0.16010097959730207
660000.0,565429.2938516581,536292.1169124356,0.1432889487096089,0.18743618649630966
475000.0,465941.9502520104,456371.6858776805,0.01906957841682015,0.0392175034154095
1100000.0,953823.0503574274,979101.0589924229,0.1328881360387023,0.10990812818870647
400000.0,390696.541581108,399165.4278665498,0.023258646047229995,0.002086430333625467
700000.0,707349.5035928388,693058.2286496558,0.010499290846912522,0.009916816214777396
975000.0,942042.9100207739,941418.2971947632,0.03380214356843705,0.03444277210793518
499000.0,392512.2546680196,405713.4202564921,0.21340229525446974,0.18694705359420422
424950.0,414224.07684675604,422374.3183722432,0.025240435705951192,0.006061140434773031
334998.0,329897.9102241632,316622.4756282932,0.015224239475569388,0.0548526390357758
275000.0,271691.62388672295,269126.831436183,0.01203045859373471,0.021356976595698136
250000.0,262760.7044106483,257174.28099471878,0.05104281764259329,0.02869712397887511
420000.0,379965.41283539886,394270.1903376447,0.0953204456300027,0.06126145157703639
685000.0,618980.3962945153,657658.377832417,0.09637898351165643,0.039914776886982445
1185000.0,1408118.5915005852,1256083.8540073645,0.18828573122412254,0.05998637468975906
307000.0,267167.76407062495,284551.9981305692,0.1297466968383552,0.07312052726198966
399950.0,341712.12017044297,373147.2322719725,0.14561290118654088,0.06701529623209772
317000.0,298994.8233026528,302392.7919416246,0.05679866466040125,0.04607952068888139
445000.0,363163.80642418313,359150.7511346708,0.18390155859734128,0.19291966037152627
730000.0,690103.9158610885,710395.950385374,0.054652170053303355,0.026854862485789017
1060000.0,873310.0902266987,911829.5685307481,0.17612255638990693,0.13978342591438855
305000.0,357199.0738532039,370634.3558177219,0.17114450443673412,0.21519460923843253
280000.0,298964.8517227989,292694.58916142234,0.06773161329571033,0.0453378184336512
180500.0,161850.02604138743,184675.83547363256,0.10332395544937709,0.02313482256860142
332900.0,339300.8760848569,361881.37601772614,0.01922762416598655,0.08705730254648887
825000.0,818893.0315143956,775033.0977928792,0.007402386043156836,0.060565942069237315
445000.0,386054.8710599876,387656.50373786874,0.13246096391014028,0.12886178935310394
585000.0,505058.04892282194,487325.67517862096,0.136652907824236,0.16696465781432313
747000.0,617192.4535675548,607490.9736329336,0.17377181583995338,0.186759071441856
915557.0,879848.444587861,882031.1799164674,0.03900200141786808,0.03661794960175346
370000.0,381118.4104370245,391255.6620235258,0.030049757937904025,0.05744773519871838
1065000.0,1016858.9758710598,1038921.3428042795,0.04520283955769032,0.024487002061709364
563000.0,487873.93268883356,511059.4283770775,0.1334388406947894,0.09225678796256215
1600000.0,1723161.970516959,1832686.9752276405,0.07697623157309935,0.1454293595172753
1195000.0,838770.2737501881,860004.5749382789,0.29810018933038657,0.2803308996332394
203700.0,241499.96958219708,237289.90038462039,0.18556686098280353,0.16489887277673237
260000.0,223044.3678131617,232361.58027056258,0.14213704687245504,0.10630161434399006
645000.0,684282.7894080549,650889.4781978414,0.06090354946985256,0.009130973950141766
550000.0,467638.50471123424,460983.8043092712,0.1497481732523014,0.1618476285285978
472500.0,455813.45350809675,441316.02380671736,0.03531544231090636,0.06599783321329658
310000.0,311287.5012132109,308497.784863939,0.004153229720035245,0.004845855277616178
664000.0,667767.0494777757,650533.4213382599,0.005673267285806773,0.020280991960451897
1101000.0,937257.8979459454,882196.5906795547,0.14872125527162092,0.19873152526834265
436000.0,407916.996833325,402088.9716376519,0.06441055772173161,0.0777775879870369
349000.0,352509.3054685403,347026.65572358586,0.010055316528768737,0.005654281594309847
535000.0,391335.2665235353,392107.02113137674,0.2685322121055415,0.2670896801282678
640000.0,617656.2796889413,624839.2803145825,0.034912062986029196,0.023688624508464817
319000.0,371912.501910295,368705.8739253962,0.1658699119444984,0.15581778659998805
418000.0,372131.2298099309,372341.884717906,0.10973389997624187,0.10922994086625357
541100.0,557518.9600096734,587755.0333947677,0.030343670319115463,0.08622257141890162
605000.0,508749.3943841128,475248.376325012,0.15909191010890447,0.2144654936776661
284000.0,294671.37096837594,313981.3788656676,0.03757524988864767,0.10556823544249161
1065000.0,950215.6015816476,942943.668333267,0.10777877785760785,0.11460688419411551
1300000.0,823349.7158845617,834069.0253941433,0.3666540647041833,0.35840844200450517
276500.0,228742.22590017767,228353.8839570357,0.17272251030677155,0.17412700196370454
325000.0,347277.98783399566,337246.1620561263,0.06854765487383281,0.03768049863423471
376000.0,308586.4316753236,294863.75580562843,0.17929140511882027,0.21578788349566908
275000.0,294276.05505623546,307537.16660576314,0.07009474565903805,0.11831696947550231
363000.0,294526.55769372795,292229.86310836615,0.188632072469069,0.19495905479788941
218500.0,228258.01413182096,226712.46818409918,0.04465910357812798,0.03758566674644935
622000.0,670917.6747755803,658914.9469462248,0.07864577938196189,0.059348789302612184
650000.0,672796.1746137758,725667.3160587907,0.03507103786734739,0.11641125547506255
445000.0,153255.57020758354,175791.70547627745,0.6556054602076774,0.6049624596038709
385000.0,309314.2831480438,302578.28681039077,0.1965862775375486,0.21408237192106294
350000.0,317805.29657385335,320385.2924462459,0.09198486693184756,0.08461345015358313
490000.0,456794.07803501975,471122.27600798017,0.06776718768363317,0.03852596733065272
606000.0,569108.6258641396,588153.2343087909,0.06087685500967056,0.02945010840133518
770000.0,611668.8259920756,609187.2937493279,0.20562490130899272,0.20884767045541833
390000.0,386850.84588666586,386780.68834523304,0.0080747541367542,0.008254645268633239
525000.0,444762.238016179,442138.8614302725,0.15283383235013523,0.15783074013281426
845000.0,639416.5920244993,623450.6738414625,0.24329397393550375,0.2621885516669083
355000.0,352449.1283508327,350171.13186011394,0.007185553941316411,0.013602445464467787
589000.0,617996.8129773469,625932.0607423198,0.04923058230449396,0.06270298937575516
335620.0,351345.18295913376,343114.53607581975,0.046854129548697214,0.02233042153572418
466750.0,416779.7896831747,465650.3580048034,0.10705990426743504,0.0023559549977430743
449900.0,407554.1135828886,410297.21607048996,0.09412288601269478,0.08802574778730839
259250.0,343817.5419451887,364473.18230471294,0.32620074038645597,0.4058753415803778
290000.0,229526.5054375745,240658.3063611186,0.2085292915945707,0.17014377116855658
784500.0,725008.1675913101,816290.3163436817,0.0758340757280942,0.0405230291187784
453000.0,509814.58854789886,518009.3489202961,0.12541851776578117,0.14350849651279496
410000.0,408235.76133806875,420579.31342586706,0.004303021126661574,0.02580320347772454
1085000.0,1086938.8531078843,1132111.4596965923,0.0017869613897551092,0.043420700181191055
223000.0,300325.91186611715,259854.9016591949,0.34675296800949396,0.16526861730580675
400000.0,393451.4373615862,383442.43157138594,0.016371406596034505,0.04139392107153515
175000.0,245150.00724215212,260981.55449723898,0.40085718424086925,0.4913231685556513
509007.0,516224.32213047217,509716.7723707219,0.014179219795547343,0.0013944255594164952
799000.0,728570.2001399628,772125.491072394,0.08814743411769357,0.0336351801346759
447000.0,411975.63054628763,416423.64081552,0.07835429407989344,0.06840348810845634
585000.0,572447.0315157386,557163.6647804383,0.02145806578506226,0.04758347900779779
530000.0,469129.1164505804,488357.8930734572,0.11485072367815015,0.07857001306894873
433000.0,376989.08290392975,410983.575089574,0.12935546673457332,0.05084624690629567
818000.0,735804.8758844986,711027.8776973187,0.1004830368160164,0.13077276565119966
595500.0,543573.5108125054,576076.8993479013,0.08719813465574243,0.03261645785406995
550000.0,545974.8068082201,477078.1939459637,0.007318533075963443,0.13258510191642964
345000.0,339272.5484323961,357192.84429124906,0.016601308891605552,0.03534157765579437
320000.0,281351.24401839054,294066.01770321914,0.12077736244252955,0.08104369467744019
285000.0,295702.5190715871,308926.02200117736,0.03755269849679694,0.08395095439009602
208000.0,161693.80375005773,186476.19425749412,0.22262594350933781,0.10347983530050904
370000.0,374446.82147334144,387458.9811663369,0.012018436414436312,0.047186435584694375
1218000.0,1166343.0734419888,1170251.0931335913,0.04241126975206175,0.03920271499705144
215000.0,214083.82483169844,216414.467026579,0.0042612798525654,0.006578916402692977
320000.0,320791.8792853624,307228.93880330917,0.0024746227667574202,0.039909566239658856
619500.0,594565.2308564435,581790.388136019,0.040249829125999156,0.06087104417107506
306000.0,347916.13850862574,355901.37121085875,0.1369808447994305,0.16307637650607434
630000.0,625093.7010527619,642558.3371446009,0.007787776106727191,0.019933868483493534
397000.0,355340.0747027767,364591.07666654064,0.10493683953960535,0.08163456759057773
510000.0,596037.4627415625,565964.7188657344,0.1687009073363971,0.10973474287398903
559000.0,548608.143753982,533787.7912517263,0.018590082729906917,0.0451023412312588
265000.0,277759.68478018226,291789.18027820345,0.048149753887480225,0.10109124633284321
510000.0,510915.49044093123,505228.1647588251,0.0017950792959435871,0.00935653968857825
300000.0,308620.4112878547,306084.1570349828,0.028734704292849054,0.020280523449942703
278000.0,251653.22514129433,266023.786986377,0.09477257143419306,0.04307990292670153
197500.0,175018.49497803257,189237.92475086846,0.11383040517451863,0.04183329240066601
900000.0,884619.0982829129,895603.6176366718,0.017089890796763485,0.004884869292586938
246000.0,243909.51305240998,256461.75330237483,0.00849791442109764,0.04252745244867815
399950.0,366715.28868133086,368346.91263906215,0.08309716544235315,0.07901759560179485
281000.0,256469.008331728,258141.90155022193,0.08729890273406408,0.08134554608461948
801501.0,751472.3664291735,765583.1718708427,0.0624186789172147,0.04481320438671606
325000.0,297535.68461731286,315856.3522521316,0.08450558579288352,0.02813430076267194
1580000.0,1290486.0311955449,1280483.2263548214,0.18323668911674376,0.1895675782564422
1400000.0,1451394.2118635345,1575067.0152682161,0.03671015133109609,0.1250478680487258
544950.0,480951.69341663446,477552.64111655916,0.11743885968137543,0.12367622512788484
558000.0,581257.5908592867,561023.9708282497,0.04168027035714466,0.005419302559587278
474500.0,413390.4432058158,424878.2689270551,0.12878726405518273,0.10457688318850343
740000.0,713285.5579520077,687748.3168848325,0.036100597362151696,0.07061038258806425
324500.0,278000.5772887807,269745.9064789247,0.14329560157540613,0.16873372425601024
962000.0,717345.4492921882,711054.7650937829,0.2543186597794302,0.2608578325428452
356000.0,440083.84591366164,431569.8442489574,0.2361905784091619,0.21227484339594777
890000.0,721567.0932301582,774015.4116807943,0.18925045704476606,0.13031976215641086
420000.0,390493.83869880775,399690.1208531511,0.07025276500283868,0.04835685511154505
234900.0,226327.7448634108,236861.09496090797,0.036493210458021286,0.008348637551758062
105000.0,201940.86793067312,199474.6953550468,0.9232463612445059,0.8997590033813981
515000.0,510408.1330175259,544495.8774795083,0.00891624656791089,0.05727354850389958
780000.0,670898.6685147674,680511.7962050139,0.13987350190414433,0.1275489792243412
286000.0,281324.9377458033,287881.6418557867,0.016346371518170186,0.006579167327925422
261500.0,387660.3136802175,379394.4936651937,0.48244861827999036,0.4508393639204347
450000.0,486903.03150228056,479130.6089504904,0.08200673667173458,0.06473468655664538
270000.0,317928.09999535524,315334.58343148837,0.17751148146427867,0.16790586456106804
305000.0,308431.8588614164,310620.18278101116,0.011251996266939028,0.018426828790200515
295000.0,295112.5776465522,289115.24917893537,0.0003816191408548394,0.019948307868015706
310000.0,284788.1784415634,294082.03543951816,0.0813284566401181,0.051348272775747855
190000.0,264481.96092270507,290909.10386948404,0.39201032064581615,0.531100546681495
925000.0,869063.1684245174,868678.7205807262,0.0604722503518731,0.0608878696424582
510000.0,585711.265905106,559703.2635515509,0.14845346255903133,0.09745737951284493
1088000.0,919758.9056002675,874140.6606682248,0.15463335882328358,0.19656189276817573
230500.0,164026.40138824427,195273.58192676934,0.2883887141507841,0.15282610877757336
344950.0,364174.9025931058,370001.5276556478,0.05573243250646702,0.0726236488060524
670000.0,645249.920190501,653317.5052556014,0.03694041762611787,0.024899245887162136
680000.0,664907.7732070148,642596.1004326865,0.02219445116615474,0.05500573465781396
487500.0,501399.60538600886,515334.5697547457,0.028512011048223297,0.05709655334306809
280000.0,275571.7833731729,281644.7626267299,0.01581505938152529,0.005874152238321092
1084500.0,1136205.1361278368,1094525.8903838932,0.047676474069005784,0.009244712202759943
380000.0,359354.9355085549,360108.6379310434,0.05432911708275022,0.05234568965514895
216000.0,255802.0529137518,268635.6051000872,0.18426876348959167,0.24368335694484805
427000.0,466095.18796601566,454394.05821020383,0.09155781725062215,0.06415470306839305
327000.0,311976.2372132309,314674.6314021328,0.04594422870571583,0.03769225870907401
730000.0,705335.8697560306,700721.3686770764,0.03378647978625943,0.04010771414099121
414999.0,465845.6679251159,458502.1413065658,0.12252238662048802,0.10482709911726482
1350000.0,1150976.4517507206,1246541.600533781,0.14742485055502177,0.07663585145645845
760000.0,700805.5016681175,719762.5543935124,0.07788749780510859,0.05294400737695733
468000.0,431971.2046292605,413122.1178671019,0.07698460549303307,0.11726043190790189
870000.0,851786.5907864837,848123.6634619944,0.020934953118984228,0.025145214411500715
430000.0,336548.42997051415,340288.43031185534,0.21732923262671128,0.2086315574142899
1290000.0,1350980.5777339155,1236256.5348392944,0.04727176568520584,0.04166160089977179
330000.0,320694.3085117165,316786.72774877,0.02819906511601064,0.040040218943121285
363000.0,365487.4207213889,360284.88030182384,0.006852398681512087,0.007479668590016971
500000.0,440374.76847051934,451264.1215180305,0.11925046305896132,0.09747175696393906
339000.0,290651.24888267065,280196.5287792365,0.14262168471188597,0.17346156702290122
858450.0,882192.6140436189,934188.4550766847,0.02765753863779941,0.08822698477102302
382888.0,301613.5909556884,314837.02596765244,0.21226679615007943,0.17773075685931017
420000.0,296400.8077998634,310362.87104128633,0.2942837909527062,0.26104078323503255
236000.0,211304.1374950654,218365.54177553457,0.10464348519040086,0.07472228061214166
1898000.0,1715369.61571341,1736177.508168574,0.09622254177375654,0.08525947936323817
632000.0,573076.4489748674,660530.3580703059,0.09323346681191874,0.04514297163023085
370000.0,541300.5327775985,511618.9529297113,0.4629744129124283,0.3827539268370576
552700.0,552478.459215491,526605.523584622,0.00040083369732049504,0.04721273098494308
480000.0,516979.5276502736,531513.0954824392,0.07704068260473662,0.10731894892174823
372400.0,408712.5490402072,414494.1786570253,0.09750953018315568,0.11303485138836003
1550000.0,1370984.2217000104,1357168.7819258557,0.11549405051612235,0.12440723746718989
175000.0,158776.75668292263,170244.23511005804,0.09270424752615641,0.027175799371096904
225000.0,228469.5929153136,232554.72731717033,0.015420412956949375,0.03357656585409034
627800.0,584038.9172563675,592084.510445392,0.06970545196500874,0.05688991646162474
340000.0,331973.04322115064,326984.7629415909,0.023608696408380467,0.03828010899532083
425000.0,421489.46685170045,455629.36695060064,0.00826007799599895,0.07206909870729562
940000.0,919992.723893358,931590.3571801622,0.02128433628366168,0.008946428531742323
389950.0,351684.2653066528,353110.3431999782,0.09812984919437667,0.0944727703552297
1675000.0,1763260.703562878,2056172.946502542,0.052692957350971986,0.22756593821047277
475000.0,425166.5107333343,402245.4189956288,0.10491260898245412,0.153167538956571
345000.0,269753.3599822439,271512.995154771,0.21810620295001765,0.21300581114559125
288000.0,240119.34735762986,254762.4486996096,0.16625226611934077,0.11540816423746664
580000.0,487945.47420941497,489937.2559349115,0.15871469963893972,0.15528059321566984
560000.0,550119.2984326842,543938.35255496,0.017644109941635438,0.028681513294714387
379900.0,352471.8465019268,358479.4805395462,0.0721983508767392,0.05638462611332937
860000.0,806363.4613099224,813529.6438432748,0.062368068244276285,0.05403529785665721
200000.0,303809.963188911,288669.9314739984,0.5190498159445549,0.44334965736999205
525000.0,636425.417953949,619445.6177055701,0.21223889134085516,0.17989641467727632
410000.0,399607.4478635086,407321.9636532935,0.025347688137783906,0.006531795967576838
222000.0,194313.96675030887,199142.16759111566,0.12471186148509518,0.10296320904902855
515000.0,485950.05629909126,485901.91615604813,0.05640765767166746,0.05650113367757645
403000.0,351186.0790657108,340100.8090317977,0.12857052341014696,0.15607739694343006
352000.0,264536.24469308765,252856.6581294418,0.24847657757645555,0.28165722122317666
561000.0,583034.295374606,589970.2332651338,0.03927681884956513,0.05164034450112978
245000.0,287161.7382124319,285005.30873542425,0.17208872739768122,0.16328697443030304
545000.0,335031.6697249854,334814.1180673034,0.38526299133030206,0.385662168683847
491000.0,468958.5430841662,459441.07681778376,0.04489095094874503,0.06427479263180497
447500.0,424923.7526104111,435094.1874981197,0.0504497148370702,0.0277224860377213
431000.0,463608.94356452936,474527.03161648515,0.07565880177385001,0.10099079261365465
349900.0,342590.97965641815,352687.0572950787,0.02088888351981096,0.007965296642122614
700000.0,628244.4937137695,591656.8136086827,0.10250786612318646,0.1547759805590247
677790.0,717348.8064148104,764328.724391434,0.058364399614645186,0.12767778278144262
438000.0,452529.563203005,464990.1850061971,0.03317251872832193,0.061621426954787846
355000.0,309188.77513734536,308751.67535614927,0.12904570383846375,0.13027697082774856
886000.0,925672.6586271476,976987.0647121316,0.04477726707352997,0.10269420396403119
550000.0,624787.9273405278,633326.557408182,0.13597804971005048,0.1515028316512399
200450.0,194024.61129560176,201775.82244365255,0.03205482017659386,0.006614230200312042
280500.0,260370.51711308697,263997.8932312827,0.07176286234193593,0.05883104017368018
170000.0,169153.2038049238,180872.4535884306,0.004981154088683508,0.06395560934370938
2152500.0,1531013.8374302275,1536345.6504102428,0.28872760165843087,0.28625056891510203
361550.0,325626.5841824366,323762.2812644847,0.09935946844852281,0.10451588642100765
620000.0,569363.6036882099,571866.6283238394,0.08167160695450017,0.07763447044542034
599950.0,397664.02337307704,360652.84088653314,0.33717139199420443,0.3988618370088622
655000.0,706425.1112030158,720366.7068711255,0.078511620157276,0.09979649903988626
369500.0,323473.52914826554,326855.4020934372,0.12456419716301612,0.11541163168217264
760000.0,908467.6897335779,806067.9425890937,0.19535222333365512,0.060615713933018026
472500.0,478959.92200829287,526971.0345986001,0.013671792610143632,0.1152826129070902
654500.0,693840.2655760188,667397.1203646266,0.060107357640976064,0.019705302314173622
740000.0,583367.5017171546,573704.6556244977,0.21166553822006132,0.2247234383452734
205000.0,269373.10085387854,266485.9431581327,0.3140151261164807,0.2999314300396718
300000.0,293009.75920367066,301972.6831953972,0.023300802654431123,0.006575610651323999
689000.0,621891.717691562,618874.4250379183,0.09739953890919881,0.1017787735298719
285000.0,258366.07387414586,250948.95926115813,0.09345237237141803,0.11947733592576094
715000.0,597146.7551731706,564779.9333860921,0.16482971304451666,0.2100979952642069
420550.0,306957.69418752694,312633.8977337579,0.27010416314938307,0.25660706756923574
178000.0,208155.23931697704,211768.38419720437,0.16941145683694964,0.18971002357979985
460000.0,426946.1167865174,434071.8955404575,0.071856267855397,0.05636544447726628
225500.0,187582.5143099752,189450.85051190812,0.16814849529944478,0.1598631906345538
235000.0,217912.7022263608,225432.04205735063,0.0727119054197413,0.0407147146495718
845000.0,832175.4829075045,872737.2306876502,0.015176943304728354,0.032825125074142196
287000.0,289660.4545316113,286577.12879015354,0.009269876416764087,0.0014734188496392344
255000.0,232190.79264394863,244278.15857170668,0.08944787198451516,0.0420464369736993
470000.0,499225.8442576452,505038.27694891527,0.0621826473566919,0.07454952542322398
780000.0,741583.1709736425,738331.8597404627,0.04925234490558654,0.053420692640432386
326000.0,304349.5723742453,316182.3452596814,0.06641235468022906,0.030115505338400607
612000.0,556813.0841635694,551166.8303220265,0.090174699079135,0.0994006040489763
660000.0,555974.4579454986,574752.1556326969,0.1576144576583354,0.12916340055651981
305000.0,261168.93147485808,261767.6115801238,0.14370842139390794,0.14174553580287277
690000.0,735262.5378940597,651272.1650149504,0.06559788100588358,0.056127297079781965
285000.0,278366.08622194885,292412.42385492986,0.023276890449302288,0.026008504754139863
452000.0,494073.57810438384,528868.1446834371,0.09308313739907928,0.1700622669987546
525000.0,526228.9673276994,518502.21137528063,0.002340890147998885,0.0123767402375607
555000.0,587176.430014453,603025.1284073191,0.057975549575591014,0.08653176289607041
268000.0,279102.91464692215,275977.61020250845,0.04142878599597815,0.029767202248165876
380500.0,399168.29635634046,393275.30160948494,0.049062539701288994,0.03357503708143218
232000.0,208148.101320638,207451.53648783587,0.10280990810069827,0.1058123427248454
465000.0,473071.8895327403,477834.7110357885,0.01735890222094685,0.027601529109222634
247500.0,524673.8338391365,469425.1143048121,1.1198942781379253,0.8966671285042913
285000.0,352116.6696849659,371420.79437795584,0.2354970866139155,0.30323085746651174
370000.0,355806.56225025514,367296.7038962237,0.038360642566877996,0.007306205685881936
529500.0,569800.68345316,552328.0193329242,0.07611082805129366,0.04311240667218916
685000.0,589765.8144911344,578539.4340496435,0.1390280080421396,0.15541688459906064
1062500.0,790085.7900247611,784799.4167890353,0.2563898446825778,0.2613652547867903
415250.0,349317.04125092766,365499.56188553595,0.1587789494258214,0.11980840003483215
566000.0,683292.8751125495,693736.0402607092,0.2072312281140451,0.2256820499305817
450000.0,505024.81213675777,491013.30084859685,0.12227736030390615,0.09114066855243744
380000.0,341222.193541166,344602.10679879884,0.10204685910219467,0.09315235052947675
399000.0,393512.0243685597,409030.9327103859,0.013754324890827797,0.025140182231543563
760000.0,834802.336626152,829763.4812179325,0.09842412713967374,0.09179405423412176
460000.0,520574.91537957784,516004.38827598345,0.13168459865125617,0.12174867016518141
413000.0,494807.32294222666,509046.5222753744,0.19808068509013718,0.2325581653156765
268300.0,331673.3212343735,335282.1652682893,0.23620320996784752,0.2496539890730126
334000.0,453546.7741054032,444813.9200739182,0.35792447336947075,0.3317782038141263
153500.0,211382.04877084785,210673.01517968255,0.37708175095014884,0.37246263960705245
353500.0,406972.6641917552,394882.6854533822,0.1512663767800712,0.11706558826982236
329000.0,350815.3728457468,362622.60511022987,0.06630812415120611,0.1021963681162002
245000.0,280669.5417321108,291570.0571541899,0.1455899662535134,0.19008186593546902
850000.0,854279.8960700217,858930.5506148438,0.005035171847084318,0.010506530135110404
459000.0,428805.3413791744,444260.6538023765,0.06578356998001224,0.03211186535429962
495000.0,481437.7437371566,487035.8369717718,0.0273984975006937,0.016089218238844873
433000.0,470345.8289103488,476119.0879763833,0.08624902750657926,0.09958218932190134
426000.0,350678.18057304324,363454.0144119212,0.17681178269238676,0.1468215624133305
314000.0,335771.2891273517,332155.3055188003,0.06933531569220291,0.05781944432738941
551000.0,528598.4270441805,539605.6199515142,0.04065621226101551,0.020679455623386248
590000.0,499207.50629918586,489314.21817431774,0.15388558254375279,0.17065386750115638
1017000.0,993077.5057950825,948753.4352302372,0.02352260983767695,0.06710576673526332
2650000.0,1943832.0961445551,1830652.7219226968,0.26647845428507355,0.3091876521046427
209950.0,273623.55796176725,276057.4138180364,0.3032796283008681,0.3148721782235598
425000.0,528384.3425850781,506968.7919149644,0.243257276670772,0.19286774568226914
673000.0,790963.4887991135,842251.3911303375,0.17528007250982697,0.2514879511594911
220000.0,225284.76624029476,240638.78760077586,0.02402166472861255,0.09381267091261755
400000.0,349941.8602858217,360336.95770979574,0.1251453492854457,0.09915760572551066
401000.0,403312.00962097174,398906.6761210077,0.00576561002736096,0.005220259049856087
675000.0,704621.3189301571,685781.7422042713,0.04388343545208461,0.015972951413735195
444900.0,436255.192547778,445999.4216273478,0.019430900094902188,0.0024711657166730126
299000.0,267441.9623561376,274427.0593322429,0.10554527640087767,0.08218374805269942
659000.0,650392.5825972375,602996.7096192713,0.013061331415421023,0.08498223123024076
442500.0,453790.6900440116,503447.6528239557,0.025515683715280388,0.13773480864170778
414500.0,379213.5172395424,387761.4436792403,0.08513023585152621,0.06450797664839493
464950.0,396800.93416090985,393465.7870738226,0.146572891362706,0.15374602199414436
1038000.0,945024.7914474863,916267.1734925515,0.0895714918617666,0.11727632611507557
725000.0,603496.2034461508,609345.7559442804,0.16759144352255068,0.1595230952492684
505000.0,363325.9879010708,364118.05670388916,0.2805425982157014,0.27897414514081353
250000.0,332834.73436194245,320876.8251029005,0.3313389374477698,0.283507300411602
594000.0,595979.4758424442,597183.7331999232,0.0033324509132057678,0.00535982020189088
157500.0,272388.9266651638,242884.5543122777,0.7294535026359604,0.5421241543636679
390000.0,349733.02605416276,359166.0017753914,0.1032486511431724,0.07906153390925282
518000.0,504442.50954940513,506781.13467006845,0.026172761487634876,0.02165804117747403
290000.0,245077.26690542794,253520.6603871304,0.15490597618817953,0.1257908262512745
402500.0,439493.8937212731,463061.53184788075,0.09191029495968475,0.15046343316243663
287000.0,296049.01244190696,269588.66296831093,0.03152966007633088,0.06066667955292357
180000.0,165562.3826467272,177061.66785928863,0.08020898529595999,0.016324067448396495
265000.0,211684.01167469312,232672.6034904036,0.20119240877474295,0.12199017550791097
1500000.0,1056475.2803460693,1046019.105030824,0.29568314643595384,0.3026539299794507
655000.0,647785.664018933,670856.0490759917,0.011014253406209217,0.024207708512964474
379000.0,371677.05589625466,365982.622576192,0.019321752252626216,0.03434664227917673
471000.0,420187.82688928273,422463.08399315656,0.10788147157264813,0.1030507770845933
225205.0,202163.92986620902,210729.3550935022,0.1023115389702315,0.06427763551651959
350000.0,370124.2855699967,372638.1872665443,0.05749795877141911,0.06468053504726949
190848.0,219308.37479833158,220854.2962588031,0.14912587398522167,0.157226149914084
235000.0,220743.50612037227,232644.66775587708,0.06066593140267118,0.010022690400523084
468000.0,521155.8380823435,507370.3122095607,0.1135808506032981,0.08412459873837759
870000.0,1051991.0369870411,972997.2506238658,0.20918509998510473,0.11838764439524799
815000.0,926416.2047789099,837427.8194067704,0.13670699972872383,0.027518796818123192
1250000.0,1132334.2513545372,1027508.6101328797,0.09413259891637024,0.17799311189369624
480000.0,428042.0578334419,424373.99993805564,0.10824571284699608,0.11588750012905075
260000.0,273667.26894897217,267848.5157826417,0.05256641903450834,0.030186599164006588
1242500.0,1047233.4413034238,1061709.1624564857,0.1571561840616307,0.1455057042603737
563950.0,562105.2597930382,550546.9948063263,0.0032711059614535915,0.02376630054734224
925500.0,767754.5346231845,719380.6882680276,0.17044350662000596,0.22271130387031052
739000.0,856542.816242462,864312.2486242775,0.15905658490184307,0.16957002520199937
578888.0,446639.09521326586,485853.9855850329,0.2284533533027704,0.16071159605133825
355000.0,277776.18202862435,278368.67093045416,0.2175318816095089,0.21586289878745307
299800.0,276939.0742571974,282983.03487565386,0.07625392175718018,0.05609394637873963
1452000.0,886546.6824965762,831461.527950685,0.3894306594376197,0.4273680936978753
649950.0,397665.77122414805,416401.7830854917,0.38815944115063,0.3593325900677103
500000.0,461250.0048957571,462941.94041068276,0.07749999020848575,0.07411611917863449
705000.0,615232.3262182798,625486.5391170158,0.1273300337329365,0.11278505089784996
699000.0,645077.7382585956,643499.4368440396,0.0771420053525099,0.07939994729035824
191000.0,213146.05132123618,217072.67928349224,0.11594791267662924,0.13650617425912168
259950.0,265714.63826086523,266862.3214014745,0.02217595022452485,0.02659096519128476
304500.0,334094.4809133338,368045.7466874997,0.09719041350848548,0.20868882327586105
410000.0,386464.660513312,369586.0487001594,0.057403267040702505,0.09857061292644045
235000.0,213563.35375006037,233141.89724991558,0.09121977127633885,0.007906820213125196
340000.0,376430.7764241743,384017.3627975156,0.1071493424240421,0.12946283175739878
860000.0,637486.8693324873,644072.188254182,0.2587361984505961,0.25107885086723025
210000.0,266324.863506712,261132.92106870847,0.26821363574624774,0.24349010032718318
565000.0,450544.89211822685,462661.6906686255,0.20257541218012948,0.18112975102898138
378000.0,371692.71373243455,380984.407396425,0.016685942506786896,0.007895257662500073
499950.0,514168.86752311944,516381.49574546487,0.028440579104149287,0.03286627811874161
508300.0,536052.9225677607,519541.3650445172,0.05459949354271235,0.02211561094730909
770000.0,772940.489047175,781609.6805698579,0.0038188169443831694,0.015077507233581741
623000.0,476445.4223119874,525918.6845079226,0.23524009259713102,0.15582875680911298
688888.0,637900.7841333915,653661.0971294333,0.07401379595320073,0.051135892729393895
374900.0,340601.29662467603,340544.11847977334,0.0914876056957161,0.09164012141964965
299950.0,329009.1649280652,315839.00447260845,0.09688002976517822,0.05297217693818451
300000.0,317858.2756629799,286657.96511425974,0.05952758554326642,0.04447344961913419
435000.0,404605.12068463076,411187.82472448226,0.06987328578245802,0.05474063281728217
685000.0,743090.8569320169,703309.2339307542,0.08480417070367431,0.02672880865803539
460000.0,436529.4159352326,423263.07777777076,0.05102300883645088,0.07986287439615053
680000.0,578329.9262492249,591223.6736868293,0.1495148143393751,0.13055342104878048
246500.0,206280.2280049899,230335.92246431124,0.16316337523330665,0.06557435105756089
240000.0,192513.11669446097,213172.86617500382,0.19786201377307927,0.11177972427081743
355000.0,353748.3882292949,354097.81521781994,0.00352566695973264,0.0025413655836058085
580000.0,467253.20655386965,470575.14745839965,0.19439102318298337,0.1886635388648282
408000.0,425518.2312539495,445758.1318134689,0.0429368413086998,0.09254444071928647
562200.0,621602.3190142945,579205.0996684388,0.10566047494538339,0.030247420256917075
319900.0,340968.5323097785,335809.8458490071,0.06585974463825726,0.04973381009380143
234975.0,227152.97741240537,232367.33458299923,0.03328874385613208,0.01109762918183112
1125000.0,997160.179943721,1077034.102314863,0.1136353956055813,0.042636353497899654
386000.0,362860.91631163243,364461.5485981777,0.059945812664164676,0.05579909689591277
830200.0,836967.8118601383,873749.8496253997,0.008152025849359573,0.052457058088893865
520000.0,506076.22152919776,473021.2572721362,0.02677649705923507,0.09034373601512265
372500.0,423860.9847251809,407979.218081801,0.1378818381884051,0.09524622303839202
470000.0,514999.67909054813,486487.286996013,0.09574399806499602,0.03507933403407025
395900.0,377530.81362330273,405547.0646855666,0.04639855109041997,0.024367427849372528
449000.0,471601.20121312735,448354.38819920516,0.05033675103146403,0.001437888197761334
489000.0,511377.6767767813,494477.2865798764,0.045762120197916825,0.011200995050871946
1288000.0,1165542.4926641933,1266747.868946031,0.0950757044532661,0.016500101749975956
325000.0,349753.1988185599,348551.50662597147,0.07616368867249192,0.07246617423375835
852000.0,587420.8762318665,566169.5490599683,0.31053887766212845,0.33548174992961466
569999.0,491127.04844123765,473430.7015086755,0.13837208759798236,0.16941836475384076
791000.0,746370.2049702207,770415.2116237183,0.05642199118809016,0.02602375268809322
480000.0,447952.0231665225,432032.392399893,0.06676661840307813,0.0999325158335562
400000.0,408633.70197811176,400790.2319757092,0.02158425494527939,0.0019755799392730112
595000.0,528302.5077445346,557602.2699586016,0.11209662563943758,0.06285332780066964
602000.0,546371.0941591556,535879.5941182096,0.09240682033362854,0.10983456126543263
295000.0,260568.82076447253,258841.43014936894,0.11671586181534735,0.12257142322247816
450500.0,382936.5630551317,368204.323219497,0.14997433284099512,0.1826763080588302
627250.0,598247.1112831255,626804.5441524291,0.046238164554602675,0.0007101727342700765
500000.0,518599.1295520215,534037.6145555661,0.037198259104043015,0.06807522911113222
545000.0,484496.5385541655,491533.70904299925,0.11101552558868713,0.0981032861596344
963990.0,954375.9269934667,971309.3478222423,0.009973208235078496,0.0075927632260109545
650000.0,665463.4263625541,628311.3516648553,0.023789886711621657,0.03336715128483806
478000.0,426005.4900074148,448543.9561179023,0.10877512550750047,0.06162352276589477
475000.0,467832.3341495917,479794.89266016794,0.015089822842964878,0.010094510863511456
707500.0,651527.3140926054,638760.1970635011,0.07911333697158252,0.09715873206572281
450000.0,435874.96205205814,428871.676087133,0.03138897321764858,0.046951830917482215
432250.0,445691.57417358964,443389.1704019245,0.031096759221722718,0.025770203358992532
552900.0,562018.4545234798,597418.4647195,0.016492050141942122,0.08051811307560146
409000.0,383167.8005173677,390887.3456717088,0.06315941193797622,0.044285218406579924
715000.0,752017.7809481677,664322.7814863015,0.051773120207227505,0.07087722869048749
680000.0,573769.1914082736,564721.476753307,0.15622177734077405,0.16952724006866612
410000.0,384901.3897231235,407455.41851053276,0.06121612262652801,0.006206296315773748
752875.0,738212.603344623,699811.6616721277,0.019475207246059438,0.07048094083064564
352000.0,322905.0795965718,348050.21588372457,0.08265602387337558,0.01122097760305521
410000.0,603909.9058097862,620486.6726758005,0.47295098977996625,0.5133821284775623
295000.0,291367.55708203855,289899.61450769857,0.012313365823598144,0.017289442346784506
400000.0,260863.86722291855,267343.8284124621,0.34784033194270364,0.33164042896884477
750000.0,741668.4254165051,761969.4517306648,0.01110876611132656,0.01595926897421976
475000.0,535930.0366927189,527949.1398900967,0.12827376145835548,0.11147187345283523
365000.0,358943.9543347877,365636.7703624089,0.01659190593208856,0.0017445763353668216
193000.0,215685.17530160208,220876.0157566028,0.11753976840208333,0.14443531480105082
303000.0,332299.93260579114,337982.2463714205,0.09669944754386514,0.11545295832151983
448500.0,450451.96264078,445495.27204348444,0.004352202097614324,0.00669950491976714
428000.0,423827.04214851256,421446.3640768995,0.009749901522166926,0.015312233465188129
500000.0,506409.5666755971,529952.9907338031,0.012819133351194207,0.05990598146760627
270000.0,284813.2954852665,285428.33031675033,0.05486405735283883,0.05714196413611234
810000.0,816891.0199378037,864435.8464890064,0.00850743202197992,0.06720474875185978
1225000.0,1200202.9169623493,1106445.3732910259,0.020242516765429125,0.09677928710936663
453000.0,410972.11999583396,402464.53550412,0.09277677705113917,0.11155731676794703
265000.0,243229.1953152757,238613.9602697146,0.08215397994235589,0.09956996124636004
249950.0,262981.45912148204,262385.5299251497,0.05213626373867589,0.04975207011462169
1998000.0,1316522.8217860882,1336770.6955163544,0.34107966877573165,0.3309455978396625
1050000.0,798845.1306545075,731847.2693928033,0.23919511366237375,0.30300260057828254
420000.0,435820.4743800322,426739.195188229,0.03766779614293385,0.0160457028291166
415000.0,510883.2857060352,500185.9989245682,0.23104406194225352,0.2052674672881161
491150.0,475568.89809629746,466812.6783615601,0.03172371353701016,0.04955170851764206
325000.0,310528.93794369866,319535.26706925477,0.0445263447886195,0.01681456286383148
556300.0,564039.1230818612,555988.6403516419,0.013911779762468417,0.0005596973725653007
475000.0,544392.2471235401,504676.97655875556,0.1460889413127161,0.06247784538685381
670000.0,713512.577332499,696941.1827349655,0.06494414527238652,0.04021072049994845
665000.0,629842.523952788,643037.9494331237,0.05286838503340154,0.033025639950189936
871000.0,741267.829193829,770350.4752524034,0.14894623513911714,0.11555628558851502
480000.0,447062.8152656126,439766.3992272907,0.06861913486330705,0.08382000160981103
217000.0,200198.59059458473,193846.14685676998,0.0774258497945404,0.10669978407018443
462000.0,472009.7287902519,457308.89165336394,0.021666079632579844,0.010153914170207917
365000.0,372555.11415128456,386268.31446306757,0.020698942880231684,0.0582693546933358
609000.0,584988.8900901107,605965.3655165103,0.039427109868455316,0.004982979447437887
645000.0,654350.5285053678,674057.8464016828,0.014496943419174898,0.04505092465377182
480000.0,525908.0349694317,495248.26583545154,0.09564173951964937,0.03176722049052405
230000.0,188783.69050512713,200165.0228281509,0.17920134562988205,0.12971729205151786
503000.0,511849.093470624,487364.9418492089,0.017592631154322084,0.031083614613898802
630000.0,687010.2987004265,654114.9143782398,0.09049253761972456,0.03827764187022186
720000.0,615835.1949106079,611390.4298001616,0.1446733404019335,0.1508466252775533
1505000.0,1357520.139643497,1393251.1436293423,0.09799326269535079,0.07425173180774597
300000.0,320567.7996174397,292105.78117396927,0.06855933205813228,0.026314062753435768
608000.0,462186.5377081811,452614.58727754455,0.23982477350628112,0.25556811303035437
467000.0,418637.5545453981,408391.9332854129,0.10355984037387987,0.12549907219397666
284950.0,268038.3874469721,276032.9304932463,0.05934940359020152,0.03129345326111143
275500.0,261377.76760826612,257841.41570273152,0.05126037165783622,0.06409649472692731
302200.0,269000.54456550675,278377.97677786637,0.1098592171889254,0.07882866718111725
330000.0,240671.30234926398,237701.31276170362,0.27069302318404853,0.27969299163120115
775000.0,727239.6419107614,697278.109036695,0.061626268502243405,0.10028631092039357
564500.0,597757.9476501878,552287.3302410389,0.0589157620021041,0.02163449027273883
345000.0,346547.98663403955,309614.126016828,0.004486917779824791,0.10256775067586087
1298890.0,1114747.4066587167,1144749.2384914733,0.14176919780834657,0.11867114344442312
605000.0,556246.1529508869,572719.5223957802,0.08058487115555889,0.053356161329288936
392000.0,462434.60106835474,408670.6848978667,0.17968010476621107,0.042527257392517046
393000.0,356547.75969861477,344810.131437593,0.09275379211548405,0.12262053069314752
374950.0,338365.1492821586,338282.13541991805,0.09757261159578988,0.09779401141507388
545000.0,542060.8051850847,566013.5353406392,0.005393018009018905,0.03855694557915446
500007.0,508022.61540301767,504797.3119434731,0.01603100637194613,0.009580489760089598
1081000.0,874263.494703328,967713.7166882476,0.19124561082023311,0.1047976718887626
246500.0,190874.8052060352,213486.0840609005,0.22566001944813305,0.1339306934649067
265000.0,215579.83381314867,225827.03997993644,0.18649119315792956,0.1478224906417493
720000.0,674267.5827529577,662503.5335438373,0.06351724617644763,0.07985620341133715
443000.0,352785.2177726015,371942.33529220324,0.203645106608123,0.16040104900179858
875000.0,834908.1829514005,869739.2002993721,0.04581921948411369,0.0060123425150033355
393000.0,432931.5148082249,448396.6812965181,0.10160690790896927,0.14095847658147093
178500.0,289663.601876624,278108.43888574146,0.6227652766197422,0.5580304699481314
722500.0,680943.78130257,721413.6517634669,0.05751725771270586,0.0015035961751323386
183500.0,184260.0719487979,192318.89524289116,0.004142081464838734,0.04805937462066026
300000.0,278889.6992895823,284726.0106876784,0.0703676690347256,0.05091329770773863
230005.0,213258.95434389618,246617.09227784158,0.07280731138933422,0.07222491805761433
823000.0,677972.9683833597,738176.0552761474,0.17621753537866378,0.10306676151136399
525000.0,421178.31883605313,428643.29617616977,0.1977555831694226,0.18353657871205759
999950.0,1223585.856163408,1288855.2367403118,0.22364703851533368,0.28891968272444807
370000.0,284078.41158358695,309097.013587919,0.23222050923354878,0.1646026659785973
360000.0,451046.6352800238,437039.8182310854,0.25290732022228835,0.21399949508634827
254500.0,243611.7364253643,220625.79990328063,0.04278296100053319,0.13310098269830795
1360000.0,1643939.0330237641,1637257.8348954907,0.20877870075276775,0.20386605507021371
1028000.0,1100658.4173788216,976885.249789646,0.07067939433737513,0.04972251965987742
505000.0,449682.5540013129,446429.6777831755,0.10953949702710321,0.11598083607291983
615000.0,652967.6361354919,634950.0617276133,0.06173599371624698,0.032439124760346875
249950.0,237327.40217023072,249645.93896434485,0.050500491417360585,0.0012164874401086132
450000.0,447693.0965109817,455283.2155945523,0.0051264521978184995,0.011740479099005073
580000.0,689015.9922577322,658579.4471558619,0.18795860734091757,0.1354818054411412
590000.0,559169.2013929952,578280.4427263461,0.05225559085933018,0.01986365639602359
475000.0,556281.1788482852,550276.572148102,0.17111827125954784,0.15847699399600418
650000.0,609486.929625573,625640.9855243965,0.06232780057604156,0.0374754068855438
160000.0,206618.23333199404,245253.66916827575,0.29136395832496276,0.5328354323017235
985000.0,816458.2151897845,893874.3202072381,0.17110841097483803,0.0925133805002659
750000.0,721233.9527324977,740996.4762702783,0.03835472969000305,0.012004698306295554
290000.0,287207.29085826664,319203.42277521593,0.009630031523218474,0.10070145784557219
597000.0,574936.2444203143,574388.8013465522,0.03695771453883698,0.037874704612140354
415000.0,470547.59902652545,472143.42226684536,0.13384963620849508,0.1376949934140852
424000.0,347786.364256082,363269.83462605416,0.179749140905467,0.14323152210836285
334200.0,362826.8052235753,348065.50335414364,0.0856577056360722,0.0414886395994723
435000.0,351048.3926248199,381965.5985229054,0.19299220086248303,0.12191816431516006
265000.0,247604.6922912574,256533.79860356974,0.06564267059902865,0.03194792979785004
153000.0,303033.44776158105,316226.7878786804,0.9806107696835362,1.0668417508410484
850000.0,816329.6045427256,815157.7679745803,0.03961222994973458,0.04099086120637613
405000.0,444442.8761865783,427828.7104337711,0.09738981774463779,0.05636718625622488
539950.0,447491.1750308001,459178.50154633535,0.17123590141531603,0.14959069997900667
240000.0,309539.3162064173,345102.4616989279,0.289747150860072,0.437926923745533
925000.0,913251.9778345311,891172.5325474326,0.012700564503209616,0.03657023508385667
188000.0,244313.60823124085,245785.73056839983,0.2995404693151109,0.30737090727872246
700000.0,689461.736378009,695133.1567633962,0.01505466231713005,0.006952633195148249
308000.0,282947.2368088924,278857.3918292442,0.08134014023086884,0.09461885769725906
450000.0,536791.7977524581,532267.4670068575,0.19287066167212918,0.18281659334857223
430000.0,297329.1257010188,317671.8373565354,0.3085369169743749,0.26122828521735947
607000.0,582023.5924657274,601129.3579019922,0.0411472941256551,0.009671568530490676
300000.0,282882.50219561195,286328.3680390594,0.05705832601462685,0.04557210653646868
329500.0,359893.1530301577,358048.21756613685,0.09224022163932526,0.08664102447992975
412950.0,386791.52750156063,381758.63343014533,0.06334537473892571,0.0755330344348097
2225000.0,1912879.8372849287,1707113.324106208,0.1402787248157624,0.23275805658147952
853000.0,832284.6141648034,835153.9072744383,0.024285329232352392,0.020921562398079366
371000.0,283573.34753184766,304780.3867199167,0.23565135436159662,0.1784895236659927
349950.0,402673.6703926128,385752.6252033367,0.15066058120478015,0.10230783027100072
500000.0,515394.0170037807,481067.65169273625,0.030788034007561395,0.037864696614527495
333000.0,348609.6684856341,360764.14190148417,0.0468758813382405,0.08337580150595846
219950.0,222107.8211713197,229983.6496534946,0.00981050771229686,0.04561786612182128
635000.0,618796.7407939296,608848.4947315248,0.025516943631607007,0.041183472863740404
315000.0,352854.5231516352,367622.2656861463,0.12017308937027045,0.16705481170205166
585000.0,485474.53776118153,537115.9273229153,0.17012899528003156,0.08185311568732428
459000.0,418274.328983867,452467.70348268433,0.08872695210486489,0.014231582826395795
578550.0,582602.0357568639,585095.1076145197,0.007003777991295284,0.011312950677589934
447000.0,407080.7598053066,405521.9228345935,0.08930478790759146,0.09279211893826955
608000.0,580737.1688812908,581920.095390741,0.044840182761034825,0.04289457994943912
826000.0,524969.0936387688,535925.4868645731,0.36444419656323396,0.35117979798477833
287000.0,312594.0810828039,305571.46236843424,0.08917798286691253,0.06470892811301128
292500.0,285491.7867521286,275023.4581172359,0.02395970341152607,0.059748861137654985
386500.0,398777.97153271653,407184.53733338416,0.03176706735502337,0.05351756101781153
550000.0,538964.849240042,543270.9542832703,0.020063910472650843,0.012234628575872207
280000.0,223840.58523716798,231851.42601606567,0.2005693384386858,0.17195919279976546
525000.0,436316.3990385815,438660.8316603868,0.16892114468841615,0.16445555874212034
300000.0,316944.02608378424,304412.31616039324,0.05648008694594745,0.014707720534644128
569950.0,551923.6270402825,556944.2723603046,0.03162799010389951,0.02281906770715922
310000.0,269434.6178321112,287521.92372680793,0.13085607150931872,0.0725099234619099
865000.0,766784.4869432972,721304.710067627,0.11354394573029225,0.16612172246517107
955000.0,922240.1344724922,920084.802579881,0.03430352411257366,0.036560416146721425
2500000.0,2217412.5705759837,1930303.382047088,0.1130349717696065,0.22787864718116485
760000.0,827087.1407283627,863012.8968137292,0.08827255358995095,0.13554328528122261
139500.0,175711.2520179997,196447.4183713221,0.2595788675125427,0.4082252212998
280000.0,290739.51941572974,298727.0406432856,0.038355426484749065,0.06688228801173432
962800.0,880829.963628786,915484.2599299625,0.08513713790113624,0.049143892885373436
225000.0,238648.4527752195,237949.62496066798,0.06065979011208673,0.0575538887140799
290000.0,277146.2196436663,282319.92182105617,0.04432338053908175,0.0264830282032546
290000.0,338790.48354197445,336852.15267452504,0.16824304669646362,0.16155914715353464
389000.0,286468.7792251007,281422.19741645805,0.26357640302030666,0.2765496210373829
950968.0,829346.6659396298,792317.1000681642,0.12789214154458428,0.16683095533376077
397950.0,392139.3995430133,412679.83476886566,0.014601332973958268,0.03701428513347321
736000.0,729876.2773375093,705322.827526176,0.008320275356644941,0.04168094086117392
567500.0,569764.3650868824,539352.6191316567,0.003990070637678194,0.049598909019107115
350900.0,386713.49828039936,381500.4531823033,0.102061836079793,0.08720562320405612
850000.0,790108.3329599033,789365.7168991137,0.07046078475305495,0.07133445070692503
200500.0,246203.8828552806,255330.16601134336,0.22794954042533963,0.2734671621513385
397900.0,372232.61621536175,376296.53674709995,0.06450712185131503,0.054293700057552276
624000.0,650975.3825464116,629558.9944083153,0.04322977972181345,0.008908644885120642
366350.0,313942.50863514026,321071.8386912353,0.14305306773538895,0.12359263357107879
698000.0,623582.3970155607,621032.8017398106,0.1066154770550707,0.11026819234984152
387500.0,380196.9634342458,393983.0267312167,0.018846545976139904,0.016730391564430187
404500.0,398246.01826069417,392719.3961464085,0.015461017896924185,0.029123866139904784
810000.0,787101.7030788102,731498.5419930381,0.028269502371839207,0.09691538025550846
540000.0,504124.59521130496,446668.19016373286,0.06643593479387971,0.1728366848819762
530000.0,405414.10733049933,415718.60277358023,0.23506772201792578,0.21562527778569768
839704.0,841842.3486964318,837427.6054542116,0.0025465505659516253,0.0027109487936087134
310000.0,306523.4982564125,301756.95304450317,0.011214521753508034,0.026590474049989772
605000.0,588034.8244165708,608337.3012281624,0.02804161253459367,0.005516200377127879
255000.0,276749.9947746395,281712.4541960745,0.08529409715544899,0.10475472233754711
646000.0,595128.6602562598,585360.4817551369,0.07874820393767826,0.09386922328926182
270000.0,267448.17071509984,282600.2141338896,0.009451219573704293,0.04666745975514663
2048000.0,1610495.8176403423,1507836.6410335754,0.2136250890428016,0.2637516401203245
464000.0,468774.84982937534,473090.1311422255,0.010290624632274432,0.019590799875486044
824000.0,880850.1605055277,912409.6691355153,0.06899291323486377,0.10729328778581959
698000.0,834577.6393230583,776853.7653175397,0.19566997037687436,0.11297101048358121
408506.0,533359.1388793983,517721.9847671715,0.30563354976279017,0.267354664967397
660000.0,597187.1069766044,571020.6113121462,0.09517105003544782,0.1348172555876573
442500.0,438952.7414211577,449932.81661951623,0.008016403568005136,0.016797325693821998
315000.0,292435.7211268851,291002.6387663944,0.07163263134322193,0.07618209915430348
350000.0,496216.0436198279,490044.4589899866,0.4177601246280797,0.4001270256856761
380000.0,438144.9149548274,433379.39844349946,0.15301293409165106,0.14047210116710385
284000.0,249530.41948138463,264470.0266144438,0.12137176238949075,0.06876751192097251
629950.0,679129.9262035764,705375.5299009825,0.0780695709240041,0.11973256591948966
823000.0,781115.9322855251,773739.9723437652,0.0508919413298601,0.05985422558473244
350000.0,511929.2110741518,469211.32257682615,0.46265488878329086,0.34060377879093184
354450.0,332732.69458402134,331227.89268684224,0.06127043423890155,0.0655158902896255
330000.0,376908.9744268212,366857.36249390093,0.14214840735400372,0.11168897725424524
252000.0,238522.0739704215,238636.80667504604,0.0534838334507083,0.053028544940293486
1400000.0,1213608.9484267267,1217365.9508730755,0.1331364654094809,0.1304528922335175
523000.0,532457.2520038023,550530.1707471684,0.018082699816065653,0.05263894980338119
937500.0,961477.3373693377,954741.7612361145,0.025575826527293524,0.018391211985188848
375000.0,275779.90031364636,293551.9842273956,0.26458693249694304,0.21719470872694502
329950.0,303225.1451501516,310798.3363884502,0.08099668086027693,0.05804413884391522
1425000.0,1164919.0667379731,1226990.827424893,0.182512935622475,0.13895380531586463
222000.0,254204.5619503666,262172.01673617144,0.1450655943710207,0.1809550303431146
310000.0,263696.29253057856,267831.6271022588,0.14936679828845625,0.1360270093475523
738000.0,694528.1473798413,641511.5673271116,0.05890494934980853,0.1307431337031008
1328000.0,1422071.1290183393,1390204.820728092,0.07083669353790611,0.04684097946392469
919990.0,979870.9994314379,970143.330969376,0.06508875034667543,0.05451508273935154
559000.0,663777.1493821298,635892.3671077004,0.1874367609698207,0.13755342953077002
630100.0,608770.2680844095,607450.6015734936,0.03385134409711232,0.035945720403914354
425000.0,466754.1998173504,442050.1790102078,0.09824517604082453,0.04011806825931252
339000.0,316752.6429908976,329227.5090181073,0.06562642185575934,0.028827407026232103
724950.0,679646.9885304135,692005.9170477611,0.06249122211129943,0.04544324843401456
525000.0,507404.41392962425,525380.4646808957,0.033515402038810954,0.0007246946302774762
269900.0,340879.36655808776,307345.804753536,0.26298394426857263,0.13873955077264175
325000.0,323685.0546333941,330716.2021257346,0.004045985743402718,0.017588314233029513
81000.0,120794.44001584483,153936.1963898235,0.4912893829116645,0.9004468690101668
130000.0,173691.3487700884,192878.18848180072,0.3360872982314492,0.48367837293692867
750000.0,720367.4725327137,656318.137791086,0.03951003662304844,0.12490914961188535
279900.0,281484.9729109735,282770.7933415618,0.005662639910587625,0.010256496397148276
490000.0,498451.7571973787,484338.7234147944,0.017248484076283117,0.01155362568409301
645000.0,566517.436109658,595464.1149821208,0.12167839362843724,0.07679982173314603
334950.0,291619.29470834,300597.6270099388,0.12936469709407367,0.10255970440382499
692500.0,453792.0219777577,456568.07997877477,0.34470466140396,0.3406959133880509
537100.0,524964.3414464068,510425.5522120177,0.022594784125103722,0.04966383874135598
1295000.0,1431447.6689180518,1377767.7945722074,0.10536499530351487,0.06391335488201343
826600.0,825700.7046029354,796340.0699074548,0.0010879450726647092,0.036607706378593306
432000.0,380064.748623677,398791.6421877403,0.12022048929704397,0.07687119863949003
237500.0,195859.58533510662,210463.44491137838,0.1753280617469195,0.11383812668893314
354950.0,337042.87980334385,362372.10431356775,0.050449697694481335,0.020910281204585848
355500.0,359838.3694389287,365974.34087285266,0.012203570854933126,0.02946368740605529
409000.0,393049.64356039587,396600.27682629594,0.03899842650269959,0.03031717157384855
835000.0,962530.0300727276,963886.4150986514,0.1527305749373983,0.15435498814209753
407000.0,408208.0570690277,423264.9804201113,0.0029681991868001963,0.03996309685531025
783000.0,826045.8425191244,809930.5311675537,0.054975533230043915,0.03439403725102649
752500.0,776902.6040104756,780282.6044071346,0.03242870964847251,0.036920404527753595
392137.0,449227.5956527293,456003.1751346745,0.1455883929665634,0.1628669958067575
1100000.0,1066311.31160012,1111852.4882210782,0.030626080363527236,0.010774989291889255
400000.0,456892.9740193741,427030.9367626749,0.1422324350484353,0.06757734190668721
210000.0,271049.6934041081,291404.1636453789,0.29071282573384816,0.3876388745018043
150000.0,186173.7181381277,202709.2507754614,0.24115812092085137,0.3513950051697427
157340.0,176763.353415686,200367.62087829766,0.12344828661297824,0.2734690535038621
807100.0,746228.8746942063,752750.2463135915,0.07541955805450838,0.06733955357007622
263950.0,254314.5371967825,254534.41368940283,0.0365048789665372,0.0356718556946284
367500.0,312986.0047152551,310615.65660128713,0.14833740213536023,0.15478732897608943
595000.0,509664.12906136166,508333.13472432597,0.14342163182964426,0.14565859710197315
152900.0,182019.35483618767,196369.42306666696,0.19044705582856555,0.28429969304556546
825000.0,971486.0448688932,874750.4784553272,0.17755884226532512,0.06030361024888148
757500.0,908190.5758757482,923183.8750228959,0.19893145330131773,0.21872458748897144
313100.0,341337.700913077,346827.83768474736,0.09018748295457357,0.1077222538637731
725000.0,665947.3152027616,699936.119343919,0.08145197903067371,0.03457086987045658
1839900.0,1708740.3622805853,1593848.2832454594,0.07128628605870681,0.13373102709633164
435000.0,491328.1163887554,520284.8191905979,0.129489922732771,0.19605705561056994
257000.0,250397.42159152968,254200.4199600429,0.02569096656992342,0.010893307548471213
601000.0,513790.37689583946,466145.87333113817,0.14510752596366144,0.22438290627098476
299950.0,327604.9743052315,309315.7886878183,0.09219861411979155,0.03122449970934581
390500.0,376832.35284750833,390794.404071524,0.03500037683096459,0.000753915676117753
175000.0,258363.91014377354,265664.6299586285,0.4763652008215631,0.5180835997635914
460000.0,389732.93910106726,404791.73726767214,0.15275448021507118,0.12001796246158229
545000.0,502294.64163875766,492681.93040177354,0.07835845570870154,0.09599645797839718
494000.0,450409.63830970554,415376.3103280545,0.08823959856334912,0.15915726654239984
433000.0,509075.10621259286,534155.4858849235,0.175693085941323,0.2336154408427794
260000.0,376926.2587420622,385683.21769623965,0.44971637977716233,0.4833969911393833
799000.0,864275.9444338944,863450.8605363667,0.08169705185718944,0.0806644061781811
350000.0,415204.8137401578,379772.0983699508,0.18629946782902232,0.08506313819985936
425000.0,395485.2819286299,411284.8040523571,0.06944639546204728,0.03227104928857154
336500.0,305285.26559040806,305615.5580756096,0.09276295515480518,0.09178140244989713
417000.0,354396.7317742113,351168.2888934617,0.15012774154865402,0.1578698108070463
288000.0,226104.596061549,233671.37206804592,0.2149145970085104,0.1886410692081739
240000.0,234591.34558034333,242286.80231572542,0.022536060081902783,0.009528342982189254
168000.0,185737.10583318525,194249.4545347754,0.105578010911817,0.15624675318318693
360000.0,362450.31008128606,368945.6392527917,0.0068064168924612915,0.0248489979244214
648000.0,715915.1380548303,692970.7638835688,0.10480731181300965,0.06939932698081606
720000.0,737410.0675572251,742245.4379886966,0.024180649385034888,0.030896441650967527
587100.0,647479.8105772203,635940.126199826,0.10284416722401683,0.083188768863611
315000.0,370530.2256601487,376618.26661052206,0.17628643066713878,0.19561354479530813
505000.0,577239.0458607469,631878.756659518,0.1430476155658354,0.25124506269211483
600000.0,537521.5610285302,539877.5093425782,0.10413073161911626,0.10020415109570294
675500.0,569111.7675348204,545911.4180847106,0.15749553288701648,0.19184097988939955
526000.0,544595.3644148342,530570.5820594962,0.03535240383048324,0.008689319504745625
652000.0,548853.0761211632,555897.5745940196,0.15820080349514845,0.14739635798463258
219000.0,214908.8325217081,216394.62025361086,0.018681130037862557,0.011896711170726661
320000.0,335836.16159642965,352704.0009488839,0.049488004988842656,0.10220000296526213
355000.0,313939.6106785632,307697.1366269304,0.11566306851108962,0.13324750245935102
495500.0,428429.60137332673,447160.3356482514,0.13535902850993595,0.09755734480675801
833450.0,1110108.7861012854,973278.5920650404,0.3319440711515812,0.16777082256288964
560000.0,629997.6809776846,622151.448189589,0.12499585888872243,0.11098472890998029
500000.0,505097.4848345914,511523.6487515532,0.010194969669182785,0.023047297503106412
150000.0,220201.62097343442,230918.26965289863,0.4680108064895628,0.5394551310193242
945800.0,755633.425967122,736700.6492797049,0.20106425674865513,0.2210819948406588
497000.0,534982.9466983062,527916.7438794598,0.07642444003683349,0.06220672812768571
486700.0,427357.58453053806,443673.7539356342,0.12192811890170933,0.08840403958160219
247500.0,240981.19404328585,235910.95099202223,0.02633860992611776,0.046824440436273804
660000.0,655865.8501537683,605583.7514608585,0.006263863403381335,0.08244886142294167
248000.0,212883.95345251256,227312.92145127204,0.14159696188503,0.08341563930938696
367000.0,386454.31974743016,396999.1207562296,0.053009045633324675,0.08174147345021694
250000.0,307745.4148650681,309123.27664874634,0.2309816594602724,0.23649310659498535
525000.0,488440.27768284344,513545.3821741239,0.06963756631839343,0.021818319668335442
689000.0,655628.760032939,665525.352485084,0.04843431054725831,0.03407060597230192
210000.0,353783.5417243793,342149.4125746446,0.6846835320208537,0.6292829170221171
2532000.0,1929548.8611283435,1949989.3120916185,0.23793488896984855,0.22986204103806535
921000.0,1030036.7802538342,1102899.1772464782,0.11838955510731185,0.1975018211145257
310000.0,304245.64156767353,323624.23468770494,0.018562446555891825,0.04394914415388691
322000.0,379791.3696635144,388650.7805090144,0.17947630330283967,0.20699000158079
700000.0,699205.0088651404,700063.0900133777,0.0011357016212280309,9.01285905395967e-05
1900000.0,2173095.421095633,1933431.943521309,0.14373443215559628,0.01759575974805734
855000.0,1044109.0808961492,945981.4446497964,0.22118021157444345,0.10641104637403082
227000.0,333272.059177116,330105.54237382393,0.46815885100051113,0.4542094377701495
300000.0,387824.47148340376,411889.06774740503,0.29274823827801255,0.37296355915801677
1165000.0,1185537.853580117,1048238.5865002708,0.017629058867053213,0.10022438927015385
287500.0,415679.7367135776,371264.84147459903,0.445842562482009,0.2913559703464314
586000.0,537823.3947733417,537849.8245036387,0.08221263690556022,0.08216753497672583
292500.0,201916.82173434686,204427.81926610463,0.3096860795406945,0.3011014725945141
295000.0,265659.94756253745,278230.0743161312,0.09945780487275442,0.05684720570802988
500000.0,480648.5584947106,477107.45221722015,0.03870288301057881,0.045785095565559694
284000.0,312543.8938598651,315402.4217435635,0.10050666852065171,0.11057190754775878
585000.0,540601.2485959359,556749.5960962605,0.07589530154540876,0.048291288724341075
750000.0,678065.7312316543,692165.3642838694,0.09591235835779427,0.07711284762150748
830000.0,871331.7093198185,969734.9786266774,0.04979724014435968,0.16835539593575594
221000.0,233705.7901911473,229856.65133852937,0.05749226330835883,0.0400753454232098
1450000.0,1407691.0952541144,1464133.9659085886,0.029178554997162508,0.009747562695578351
350000.0,375431.7856526891,373486.3673061206,0.07266224472196889,0.06710390658891593
436000.0,436157.4677663287,453167.2776172089,0.0003611646016713642,0.03937448994772682
557500.0,523773.28304421325,556707.507249689,0.060496353283922416,0.00142151165975074
210490.0,177392.76811946946,191879.03645547817,0.15723897515573443,0.08841732882570112
625000.0,602886.6571799968,602769.5097402693,0.03538134851200506,0.035568784415569155
292500.0,269361.61929704715,281403.4847109263,0.07910557505283027,0.037936804407089554
1345000.0,1431135.8525025314,1410309.8267591095,0.06404152602418689,0.04855749201420781
280000.0,274597.10476298124,289818.88303601684,0.01929605441792415,0.03506743941434584
905000.0,869840.2451244004,870235.6350196647,0.03885055787359076,0.038413662961696515
725000.0,749518.101723067,750209.1791478789,0.033818071342161374,0.03477128158328124
270000.0,326766.8207626284,333958.2761132836,0.2102474843060311,0.23688250412327255
234000.0,219652.28098013854,225660.07655870443,0.06131503854641648,0.035640698467075085
440000.0,435383.0615077611,440314.3909850592,0.010493042027815747,0.0007145249660436423
650000.0,645878.5285766383,618115.7434728824,0.006340725266710282,0.04905270234941165
361000.0,346415.72667744616,347456.85103624663,0.040399649092946924,0.037515648099039796
450000.0,398094.75004785217,412794.51936739136,0.11534499989366184,0.08267884585024142
475000.0,530153.6776544226,503499.61214621266,0.11611300558825807,0.05999918346571086
849950.0,811377.5487177989,816160.1365479507,0.04538202398047073,0.03975511906823851
225000.0,205654.23148781544,211481.38692501816,0.08598119338748691,0.06008272477769707
800000.0,801366.7321818483,755827.3527056278,0.0017084152273103244,0.05521580911796525
355000.0,337806.46888540406,350415.4347990755,0.04843248201294632,0.012914268171618377
1400000.0,1472551.54799416,1465114.7111718543,0.051822534281542924,0.04651050797989592
2400000.0,1839708.3205714799,1856436.4953875842,0.23345486642855007,0.2264847935885066
699950.0,669510.9748453395,668967.7556335304,0.043487427894364536,0.044263510774297535
368000.0,390185.8743171391,394696.2697306643,0.060287701948747545,0.07254421122463131
235000.0,222314.66533163306,226403.66431929584,0.05398014752496569,0.036580151832783646
826000.0,942181.0839943007,893631.8826132333,0.14065506536840278,0.08187879250996767
710000.0,645291.721567249,665917.655070205,0.09113842032781826,0.06208780976027467
420000.0,407847.7773632911,407382.4753973125,0.028933863420735412,0.030041725244494073
231000.0,242957.09624809568,254282.46809768354,0.05176232142032762,0.10078990518477722
680000.0,734586.955882652,722746.214677803,0.080274935121547,0.0628620804085338
259500.0,274180.2450321161,270910.37740780466,0.05657127180006193,0.04397062584895821
230000.0,208134.74599828932,215304.5055406612,0.09506632174656818,0.06389345417103828
471000.0,503598.0255853329,486316.54182438203,0.0692102454041038,0.032519197079367373
1127500.0,778219.8750938443,731019.2117012527,0.30978281588129114,0.3516459319722814
449000.0,322272.3757172783,293269.8249239187,0.2822441520773312,0.3468378064055263
247500.0,263790.9664039054,248518.96096711408,0.06582208648042594,0.004117014008541733
373500.0,377099.2068064102,381459.05461925914,0.009636430539250925,0.021309383184094092
780000.0,623314.3599114809,618092.6928483233,0.20087902575451164,0.20757347070727786
638000.0,653021.9531390299,657352.6257790943,0.023545381095658166,0.030333269246229297
210000.0,167553.56463433613,193692.07005927758,0.2021258826936375,0.07765680924153531
751000.0,720395.758313538,743003.8608442245,0.04075132048796532,0.010647322444441467
847000.0,775139.4863735365,742768.5754960869,0.08484122033820954,0.12305953306247125
593000.0,605440.8363830647,624728.7921320677,0.02097948799842284,0.05350555165610072
422500.0,404658.1170174049,441247.1765979883,0.04222930883454468,0.04437201561654033
190000.0,327783.9971876673,328076.7542054235,0.72517893256667,0.7267197589759132
1070000.0,801871.8486772664,798281.5073630168,0.250587057310966,0.25394251648316185
290500.0,256723.04140312507,257704.97036942723,0.116271802398881,0.11289166826358957
455000.0,492362.2860901174,475305.45312605245,0.08211491448377453,0.04462736950780759
146300.0,200798.72578097845,207922.35899342957,0.37251350499643504,0.4212054613358139
480000.0,402356.5929190555,407012.2555898843,0.16175709808530106,0.1520578008544077
365000.0,390334.8090591248,408774.86579338455,0.06941043577842408,0.11993113915995768
290000.0,250981.83659915862,251124.87103918867,0.13454539103738408,0.1340521688303839
1230000.0,1111162.7498321352,1125061.1030837197,0.09661565054297955,0.0853161763546994
771000.0,591654.31762922,608085.8066930993,0.232614374021764,0.21130245565097364
692500.0,663406.9459765933,660898.1525279399,0.042011630358710035,0.0456344367827583
358800.0,350155.9464032481,352164.73277756653,0.024091565208338574,0.018492940976681905
848000.0,758800.1305501229,769787.0896195367,0.10518852529466635,0.09223220563733886
388000.0,410001.91132027487,378699.2732817669,0.05670595701101771,0.023970945150085268
1052000.0,463370.01276630675,458997.1690922944,0.5595342083970468,0.5636909039046631
617950.0,558500.6798653455,585847.385415025,0.09620409440028242,0.05195018138194829
415500.0,304868.2225343826,317466.8988961971,0.26626179895455454,0.23594007485873142
332000.0,315889.4748382804,337059.7747360147,0.048525678197950575,0.015240285349441924
758800.0,764795.8079271445,760824.8979079181,0.007901697320960015,0.0026685528570349055
1250000.0,1165500.455739212,1146702.3664487253,0.06759963540863041,0.08263810684101973
334000.0,410713.23501938186,445089.434278818,0.22968034436940676,0.33260309664316773
340000.0,348023.7329419686,359160.90905884013,0.02359921453520176,0.05635561487894156
196000.0,188896.90202726558,198461.63288536132,0.03624029577925726,0.012559351455925119
355000.0,417931.09153692075,422369.72622527287,0.17727068038569224,0.18977387669090948
471000.0,535214.2295879609,542044.9370143942,0.1363359439234838,0.15083850746155883
300000.0,256421.97214253718,257724.63697103327,0.1452600928582094,0.14091787676322245
292500.0,261654.3246063011,259833.20701679515,0.10545530049127833,0.11168134353232428
382000.0,361277.44705149694,365869.0003063735,0.054247520807599627,0.04222774788907455
345000.0,334611.8524564552,369951.78968482715,0.030110572589984994,0.07232402807196275
721000.0,715702.1703984042,731090.2160769487,0.007347891264349182,0.013994751840428128
800000.0,823147.8277363558,737841.2100342452,0.028934784670444788,0.07769848745719356
350000.0,374593.6846088151,390544.4044270184,0.07026767031090035,0.11584115550576693
970000.0,900504.3303649022,926419.9200124665,0.0716450202423689,0.04492791751292114
183000.0,185914.63381116092,188379.69039816968,0.01592696071672635,0.029397215290544707
515000.0,469076.9365871647,513053.8201315878,0.08917099691812679,0.0037789900357518527
595000.0,559064.9282888529,531560.0711704001,0.06039507850612956,0.10662172912537793
280000.0,446652.31509126886,444030.2506132199,0.5951868396116745,0.5858223236186426
330000.0,331814.103779126,331908.246134766,0.005497284179169748,0.00578256404474554
183750.0,292576.8558836581,285407.8567303805,0.5922549980063027,0.5532400366279211
475000.0,447667.05987210077,450591.97246387205,0.05754303184820891,0.05138532112869042
660000.0,657426.6171945449,661185.2675655585,0.0038990648567501923,0.0017958599478159819
700000.0,553040.9675151593,547262.6814812323,0.2099414749783439,0.2181961693125253
552000.0,542748.0285687668,477032.0265268773,0.016760817810205112,0.1358115461469614
825000.0,758316.3106683093,746428.3758392317,0.08082871434144323,0.09523833231608285
679950.0,706637.2626213054,716340.299610327,0.03924886038871302,0.0535190817123715
368000.0,305059.5729017177,313889.51195854915,0.17103376928881064,0.14703936967785558
256500.0,314066.59100482444,317196.7108707335,0.2244311540149101,0.23663435037322997
395000.0,353035.5342825622,362663.9506414156,0.10623915371503238,0.08186341609768201
1800000.0,1481076.7653575074,1393227.7680821293,0.17717957480138477,0.22598457328770594
201700.0,192389.50461006598,204781.96649082995,0.04616011596397629,0.015279952854883221
170000.0,210449.82048104392,222570.82251154276,0.23794012047672894,0.3092401324208398
653000.0,580679.3933509614,603196.2453307891,0.11075131186682789,0.07626914957000133
160000.0,203550.8894575477,203312.63340419426,0.27219305910967306,0.2707039587762141
550000.0,536765.3449715137,528058.0053313085,0.02406300914270232,0.03989453576125734
333000.0,329663.89243117155,322916.8914655422,0.010018341047532875,0.03027960520858199
499000.0,464119.6690573057,464021.7447917212,0.06990046281101056,0.07009670382420596
295000.0,274159.0502345159,282661.97994472564,0.070647287340624,0.04182379679754021
276000.0,252410.999063582,248743.3252745608,0.08546739469716662,0.09875606784579419
448000.0,412001.60896764684,431128.93056733586,0.08035355141150259,0.03765863712648245
537000.0,542371.9162831248,510400.0996000287,0.010003568497439153,0.04953426517685528
1003000.0,1029298.5770678204,1038274.6714792787,0.026219917315872737,0.03516916398731676
780000.0,736595.422533449,731378.7921569997,0.055646894187885876,0.062334881850000384
2328000.0,2576657.9451515125,2462230.7181936293,0.10681183210975623,0.05765924321032186
325000.0,289511.1524965355,309826.4993061697,0.10919645385681383,0.04668769444255481
427005.0,425776.7088951277,411589.291587373,0.002876526281594603,0.036101938882746085
798500.0,816463.9180445109,883397.2103170424,0.02249707957985082,0.10632086451727292
1236300.0,1060470.1544979515,1105882.3435083954,0.14222263649765307,0.10549029886888671
995000.0,915481.1363767034,930014.2863983728,0.07991845590281066,0.0653122749765097
314950.0,291932.27687039453,288024.1288744313,0.07308373751263841,0.08549252619643974
570000.0,561297.0343566495,593964.2931404636,0.015268360777807896,0.04204261954467307
435000.0,482901.26030976686,475844.7373461599,0.11011783979256749,0.09389594792220661
280000.0,264860.7099952728,260499.9305199869,0.054068892874025706,0.06964310528576108
347000.0,337394.0493346139,341367.35928739107,0.0276828549434758,0.016232393984463783
370000.0,294788.99790315866,310645.14148095343,0.20327297864011173,0.1604185365379637
349500.0,374868.35387797013,360268.9912550795,0.07258470351350539,0.03081256439221606
440000.0,469969.2103053841,475185.3844639284,0.06811184160314575,0.07996678287256456
196000.0,190432.73805337478,206550.90947576688,0.028404397686863377,0.053831170794728975
585000.0,587389.8197008455,584061.4132106025,0.004085161881787209,0.0016044218622179877
525000.0,496906.97297087533,474450.88562287367,0.05351052767452318,0.09628402738500254
193000.0,197398.69491674163,206280.82277080542,0.022791165371718297,0.06881255321660838
1070000.0,1358139.4116457792,1334286.7686695615,0.2692891697624104,0.24699698006501072
408474.0,426766.1197088513,419713.49253550125,0.044781601053803494,0.027515808926642217
250000.0,514726.7393035246,546560.8806203272,1.0589069572140983,1.1862435224813088
1285000.0,1155430.2577834334,1124435.4297211815,0.1008324842152269,0.12495297297962528
751000.0,709483.9355506485,706501.7586170774,0.05528104453974902,0.059251985862746506
184000.0,184221.7613590039,196980.28990755952,0.0012052247771950889,0.07054505384543217
208500.0,178375.13864686625,188117.64404670976,0.14448374749704435,0.09775710289347839
496800.0,425008.4736732821,440144.90667185734,0.14450790323413432,0.11404004293104399
358500.0,334863.9920280627,329623.9796622897,0.06593028722995063,0.08054677918468696
240000.0,336116.6064029287,309816.6515462919,0.40048586001220293,0.2909027147762162
1007500.0,1045072.8956429466,983467.2487772531,0.03729319666793706,0.023853847367490733
338000.0,312757.0823434422,305071.96009127516,0.07468318833301127,0.09742023641634567
300000.0,286936.553889784,299954.4419109152,0.04354482036738676,0.00015186029694935616
124500.0,164427.5026139981,177343.83784123234,0.32070283224094864,0.4244484967167256
925000.0,1036462.9891803372,1096494.3870846326,0.12050052884360775,0.18539933738879205
412250.0,392930.16559555416,404693.29116539116,0.046864364837952296,0.018330403479948677
673000.0,589402.2735507233,607801.1229398559,0.12421653261408123,0.09687797482933744
453000.0,443130.03646288475,470134.3282707484,0.02178799897817937,0.03782412421798758
852000.0,641239.4409394965,629785.1835270633,0.24737154819307922,0.2608155122921792
200000.0,188898.23705120012,242884.1553653096,0.05550881474399939,0.21442077682654795
550000.0,524552.4969144944,505113.39038811135,0.04626818742819194,0.08161201747616117
455000.0,441113.7495641218,441816.8354181094,0.030519231727204776,0.028973988092067308
435000.0,397311.1004354911,388030.94168297946,0.08664114842415833,0.10797484670579434
465000.0,576288.7132967837,578112.8374272141,0.23933056622964244,0.24325341382196589
279000.0,300285.9107073419,299085.364828261,0.07629358676466635,0.07199055494000367
275000.0,272299.65004045865,268349.15473236784,0.009819454398332164,0.02418489188229877
2250000.0,1934746.7284607813,1806244.9512072313,0.14011256512854164,0.19722446613011943
400200.0,386068.64774443046,379585.44603848417,0.035310725276285704,0.05151062958899509
204000.0,192642.29293907277,210448.9016960353,0.0556750346123884,0.03161226321585926
406000.0,297800.9385963742,307898.6586612097,0.26650015124045767,0.24162891955367072
279000.0,316572.1374249254,323870.8073352446,0.1346671592291233,0.1608272664345685
430000.0,374275.4756903497,375903.16383530793,0.12959191699918673,0.12580659573184202
692000.0,691515.1904496816,699934.9434533161,0.0007005918357202331,0.011466681290919236
271950.0,431466.74695303495,466852.4173265289,0.5865664532194703,0.7166847483968705
465000.0,350263.7394977752,364802.83043670177,0.24674464624134362,0.21547778400709297
730000.0,628773.4875476812,626121.0335525464,0.13866645541413533,0.14229995403760767
481203.0,506864.0923621134,494216.90509467426,0.05332695839825066,0.02704452194744061
248500.0,248488.55700102492,256988.61459586726,4.6048285613999225e-05,0.03415941487270526
543000.0,518201.25793548283,524840.1841635824,0.045669874888613564,0.03344349141145047
409900.0,354235.1581891346,352683.5262339523,0.1358010290579785,0.13958642050755715
390000.0,349286.3970091341,332422.328583186,0.10439385382273303,0.14763505491490764
535000.0,523064.7937142021,510440.57645018824,0.02230879679588388,0.04590546457908741
210000.0,237710.01347773228,243000.7685100325,0.13195244513205848,0.1571465167144405
449228.0,767980.6451734722,747384.520966729,0.7095564950837264,0.6637086756985964
325000.0,297575.23150388803,297242.84667001676,0.0843839030649599,0.08540662563071766
217000.0,214342.96193955047,222387.73719296724,0.012244415025113038,0.024828281995240724
210000.0,197725.69916585623,200096.60328311718,0.058449051591160796,0.04715903198515631
817250.0,777028.9182800996,764681.2430544575,0.049215150467911126,0.06432396077765987
342000.0,342170.0571104313,350347.6355115481,0.0004972430129570558,0.02440829096943884
700000.0,345918.3528884522,330168.5770160473,0.5058309244450683,0.5283306042627895
200000.0,243172.21847486377,242825.9871901025,0.21586109237431883,0.21412993595051244
608000.0,696621.5368817797,719041.6218081838,0.1457591067134534,0.18263424639503922
1580000.0,1203325.0385689377,1199293.1939770633,0.23840187432345716,0.2409536746980612
325000.0,372145.3505879964,377063.2146211817,0.14506261719383515,0.16019450652671297
343000.0,291045.1693272629,305939.3447026578,0.15147180954150757,0.10804855771819889
830000.0,858660.597353303,873476.3247173231,0.0345308401847024,0.052381114117256704
585000.0,517024.37070445926,539106.9202660386,0.11619765691545426,0.07844970894694253
473000.0,577434.9531057404,526870.0090061054,0.2207927126971255,0.11389008246533903
390000.0,415683.9355497472,414585.2162171217,0.06585624499935179,0.06303901594133766
716500.0,715022.6624761597,730691.3315319216,0.002061880703196443,0.019806464105961808
469000.0,461130.91042159597,480560.6783389948,0.016778442597876402,0.02464963398506353
731000.0,719613.1190119801,712744.812977331,0.015577128574582582,0.024972896063842693
450000.0,392119.7372164131,393447.3732211405,0.1286228061857487,0.12567250395302118
820000.0,801638.2408194582,833966.5319218861,0.02239238924456323,0.017032356002300172
540000.0,498986.5401723908,487207.42605197156,0.07595085153260961,0.0977640258296823
860000.0,713739.9975373981,732905.6565700762,0.170069770305351,0.14778412026735321
385000.0,323969.85363127216,315990.50747527415,0.1585198606979944,0.17924543512915805
1388000.0,1268632.4242130104,1248961.3454093689,0.08599969437103,0.10017194134771695
537000.0,492655.31349976687,503569.68674898887,0.08257855959075071,0.06225384218065388
246000.0,238470.6911866862,248963.89584166915,0.030606946395584585,0.012048357079955878
775000.0,678483.3869553044,662891.5764627872,0.12453756521896203,0.14465603037059713
500000.0,763881.1383302263,735381.2898669927,0.5277622766604526,0.4707625797339855
572000.0,581668.4820362927,600225.0580349169,0.016902940622889284,0.04934450705405048
480000.0,531389.474429375,526202.6252019221,0.10706140506119798,0.09625546917067113
506950.0,485753.1499540744,463775.15963975043,0.041812506254907955,0.085165875057204
325000.0,354386.91782333027,341693.57585889025,0.09042128561024697,0.05136484879658539
280000.0,289998.6824924206,281113.38499897835,0.03570958033007358,0.003976374996351244
441000.0,335206.3718574019,360936.8036162023,0.23989484839591402,0.1815491981492011
580000.0,603347.1483512014,580343.7123915864,0.04025370405379558,0.0005926075717006762
710000.0,585164.4557664378,583965.2095568025,0.17582471018811577,0.17751378935661616
700000.0,689341.3173295327,713196.6529464576,0.015226689529239,0.01885236135208231
1450000.0,1181343.6914842718,1275802.5089539748,0.18528021276946774,0.12013620072139668
552500.0,474874.3455798662,479850.3889880938,0.14049892202739148,0.1314925086188347
815000.0,673533.5586144092,659414.5279196802,0.1735784556878415,0.19090241973045372
278100.0,252471.4284240194,263031.53057939257,0.09215595676368431,0.05418363689538811
289999.0,272108.8191886938,280768.87657404435,0.061690491385509014,0.031828121565783504
359500.0,349990.94289737206,354355.25702591473,0.026450784708283548,0.014310828856982663
603500.0,574305.3118335678,576244.4531171276,0.048375622479589396,0.04516246376615137
320000.0,285347.2978856444,297974.3153275858,0.10828969410736117,0.0688302646012944
716000.0,597966.5986315478,611735.2696496721,0.1648511192296819,0.145621131774201
293500.0,306697.2402476992,294573.11125117907,0.04496504343338739,0.0036562563924329495
450000.0,359332.20879435673,385992.8086115563,0.20148398045698504,0.14223820308543042
330000.0,325051.33142118383,304093.81074966205,0.014995965390352032,0.07850360378890288
200000.0,234528.61224004178,245068.80282119417,0.1726430612002089,0.22534401410597085
540000.0,591478.8566909272,602752.7254985652,0.09533121609430958,0.11620875092326896
875000.0,847631.8708189623,875561.051941623,0.031277861921185895,0.0006412022189976914
216000.0,261310.89809362564,258007.24658706537,0.20977267635937796,0.19447799345863598
292000.0,261665.42228674097,260728.26334397699,0.10388554011390079,0.10709498854802402
554500.0,585755.2442879691,585858.2022477766,0.05636653613700465,0.056552213251175036
415000.0,416474.59412309894,434752.0242330166,0.0035532388508408216,0.04759523911570263
499000.0,483037.2870629057,464768.0137736234,0.031989404683555656,0.06860117480235794
416000.0,396447.35782251373,388741.49075962696,0.04700154369588045,0.06552526259705058
650000.0,585349.6001317503,581432.3189856422,0.09946215364346102,0.10548874002208898
430236.0,436359.1435268898,433954.93083319266,0.0142320575844183,0.008643932244611467
539950.0,447491.1750308001,461114.3545835522,0.17123590141531603,0.14600545497999404
555000.0,494529.1171459663,465674.15188484744,0.10895654568294365,0.16094747408135596
653675.0,645621.6300874989,628303.990643665,0.012320143668491337,0.03881288003416841
485000.0,531050.9257298263,514953.5136260408,0.09495036232953881,0.06175982190936242
299950.0,291289.70982688345,277578.38199918787,0.02887244598471928,0.07458449075116563
1125000.0,771827.8556470904,707583.9260952653,0.31393079498036414,0.37103651013754196
1450000.0,1310529.0059118238,1327651.425474553,0.09618689247460425,0.08437832725892903
239950.0,227135.92024149938,233982.2948735903,0.053403124644720246,0.02487061940574999
484000.0,460780.7122769878,448575.116043531,0.04797373496490126,0.07319190900096903
527900.0,573197.6998110989,592281.5050478303,0.08580734951903554,0.12195776671307121
680000.0,650862.2533948513,629011.1700129316,0.042849627360512725,0.07498357351039475
272167.0,451121.40272135404,452758.47965431877,0.6575169022010532,0.6635318743797697
937750.0,726887.109385373,750651.9141341648,0.22486045386790407,0.19951808676708632
508800.0,501010.6335420811,529122.0785974337,0.0153092894220104,0.0399411922119374
830000.0,755596.2184799011,768289.2781200997,0.08964311026517942,0.0743502673251811
450000.0,467118.56873381184,429984.55059883074,0.03804126385291521,0.044478776447042796
255000.0,265893.9403190141,265670.49607689254,0.042721334584368914,0.04184508265448054
399950.0,422128.21259169205,432424.2673721772,0.05545246303710976,0.0811958179076815
1100000.0,923978.7178697254,935983.7572002826,0.1600193473911587,0.14910567527247032
225000.0,240892.24493229156,242936.08497799875,0.07063219969907361,0.07971593323554999
655000.0,609393.9240458962,624887.3108588932,0.06962759687649442,0.04597357120779663
211000.0,222170.048198294,236707.10135528498,0.05293861705352612,0.12183460357954964
323000.0,331788.152195579,336590.20007723046,0.02720790153430038,0.042074922839722785
790000.0,684621.3026901106,687127.606108313,0.13339075608846754,0.13021822011605955
215000.0,226343.2985631723,222621.26723018067,0.05275952820080146,0.03544775455897988
461500.0,536121.48098351,515676.75503180345,0.16169334991009757,0.11739275196490455
249000.0,239069.76581280533,259156.42449289985,0.03988045858311112,0.04078885338513997
715000.0,564794.0891537861,500953.19080763677,0.2100781969877118,0.2993661667026059
305000.0,311826.57485165005,302875.6945279454,0.022382212628360806,0.006964935973949433
595000.0,592131.0372746384,583021.107451392,0.004821786093044666,0.02013259251866893
480000.0,505851.89938722027,522597.0725466318,0.05385812372337556,0.08874390113881624
208000.0,285116.59619847784,302595.30535658216,0.37075286633883575,0.454785121906645
645000.0,634406.9449740334,623914.8244792665,0.01642334112552962,0.032690194605788314
579000.0,596758.6435821052,582582.2075343226,0.030671232438869035,0.006186886933199709
700000.0,542788.8462743018,535688.0753444902,0.2245873624652832,0.23473132093644253
255000.0,228754.4634425026,232942.59277638615,0.1029236727744996,0.08649963617103469
1180000.0,1430200.5510751996,1436192.018314017,0.21203436531796577,0.21711187992713304
338500.0,328993.29767437093,339989.6763514984,0.028084792690189278,0.004400816400290709
280000.0,263275.4485075587,257327.8006487204,0.05973054104443311,0.08097214054028425
441000.0,303562.19339358405,326526.2942667048,0.31165035511658945,0.2595775640210775
639900.0,667023.7945462044,661680.224969809,0.04238755203344958,0.03403691978404273
348000.0,336445.5615095679,335287.69284550217,0.03320240945526467,0.03652961826005124
378000.0,341655.27910873137,343565.2660362156,0.09615005526790643,0.09109717979837147
310000.0,307334.2633244856,331601.35037675814,0.0085991505661754,0.06968177540889724
203000.0,280881.8088339359,273172.60464643285,0.38365423070904375,0.34567785540114704
460000.0,397105.7448071493,378297.2116677138,0.1367266417235885,0.1776147572441004
410000.0,361342.2135294666,323401.302445953,0.11867752797691075,0.21121633549767557
540000.0,1066307.4866941615,1114478.4421075885,0.9746434938780769,1.0638489668659046
334950.0,333387.25495060603,341602.45033969975,0.004665606954452809,0.01986102504761829
667750.0,570715.7424529635,571859.0650716982,0.14531524904086338,0.14360304744036217
199000.0,259238.23573010668,269965.37766846066,0.3027047021613401,0.3566099380324656
546000.0,538643.3559740819,541614.0988817072,0.013473707007176,0.008032785930939236
289000.0,283602.4913108592,279116.0369327112,0.018676500654466383,0.03420056424667405
833000.0,675094.6906343722,709010.2291867348,0.18956219611720027,0.14884726388147088
665000.0,812638.9285985094,733441.4336163502,0.2220134264639239,0.10291944904714312
1187500.0,1323132.132601263,1136541.3949919678,0.11421653271685306,0.04291250948044815
457000.0,495738.30442850984,447072.68817999307,0.0847665304781397,0.02172278297594514
380000.0,460361.6112887521,447318.0366283987,0.2114779244440845,0.17715272796947026
270000.0,269084.63726620295,262941.58486592566,0.0033902323473964957,0.026142278274349413
740000.0,938869.471323604,938350.157069099,0.26874252881568106,0.26804075279607975
815000.0,834014.0578591337,818495.5656238755,0.023330132342495334,0.004289037575307331
347500.0,340724.9871031338,355283.05639188713,0.019496439990981836,0.02239728458097017
555000.0,634096.5217085613,619463.2339014171,0.14251625533074117,0.11614997099354435
700000.0,617663.0575617882,616653.0391069617,0.11762420348315965,0.11906708699005474
651100.0,648822.7340599174,649626.0384111532,0.003497567101954552,0.0022638021637947357
230000.0,253876.1396851125,260948.9145997042,0.10380930297874995,0.13456049825958352
380000.0,378075.2197569142,391944.04498454335,0.0050652111660153,0.03143169732774565
677000.0,558001.2047652121,594055.4467256842,0.1757737004945168,0.12251780395024488
220000.0,257109.1288175419,256323.0203462575,0.1686778582615541,0.16510463793753402
960000.0,813201.7693690713,1129210.977918497,0.152914823573884,0.17626143533176777
252000.0,252739.39722804297,252296.26964298892,0.0029341159842975134,0.0011756731864639618
545000.0,569773.0996626993,562204.9843093778,0.04545522873889774,0.03156877854931715
789888.0,874044.4219277774,907000.4428501842,0.10654222108422631,0.14826461833852922
487600.0,468623.84588544216,456179.4518770183,0.03891746126857637,0.06443918811111911
430000.0,393158.235234892,363874.33008266636,0.08567852270955349,0.1537806277147294
485000.0,481402.07187807694,485768.57102860487,0.007418408498810436,0.0015846825332059189
390000.0,296098.07742658176,297493.5796713771,0.24077416044466216,0.23719594956057158
2537000.0,2044704.3908397842,1974918.6991043112,0.19404635757202043,0.22155352814177723
750000.0,1112936.534560996,1087528.9882391945,0.48391537941466145,0.45003865098559265
355000.0,323353.2768707601,320436.4018277512,0.08914569895560541,0.09736224837253185
672500.0,650324.5202589213,647358.538410563,0.03297469106480102,0.03738507299544532
469000.0,383306.9457770285,357060.72910582053,0.18271440132829742,0.23867648378289866
425000.0,443361.15421412524,423001.0180323548,0.04320271579794175,0.004703486982694525
255000.0,270401.65856506396,261521.01126054066,0.06039866103946651,0.025572593178590827
650000.0,674135.200081896,634585.6051404747,0.03713107704907083,0.023714453630038858
133000.0,204151.74626684457,206735.9372984555,0.5349755358409366,0.5544055435974098
324500.0,311831.8701433303,322727.9662330197,0.039038920975869626,0.0054608128412335375
427200.0,285073.00455029187,301653.94167574146,0.33269427773808086,0.2938812226691445
200000.0,195024.5569744475,207253.9675277922,0.024877215127762465,0.036269837638961036
353000.0,339958.5680021852,328751.3940642057,0.03694456656604759,0.0686929346623068
588000.0,578115.6504520046,600514.2126600365,0.01681011827890369,0.021282674591898837
415000.0,371642.2718991886,329644.5665243036,0.10447645325496728,0.20567574331493113
680000.0,665816.4940488953,666243.1330730036,0.020858096986918654,0.02023068665734763
510000.0,474224.61029999016,458095.7354226396,0.07014782294119576,0.10177306779874591
1125000.0,1358900.8259921111,1380245.1252290444,0.20791184532632098,0.22688455575915054
244000.0,229937.13367977747,245257.4625781426,0.05763469803369889,0.005153535156322072
554663.0,656233.9972569218,605018.1695271318,0.18312199886583716,0.09078516058783771
2600000.0,2589959.305058159,2427345.997384665,0.0038618057468619484,0.06640538562128266
605000.0,613288.0483698656,607310.0129687587,0.013699253503910136,0.003818203254146617
571000.0,551359.4686870805,572999.5528286111,0.034396727343116384,0.0035018438329441465
546500.0,494623.438351107,484693.73081354785,0.09492508993393046,0.11309472861198928
197000.0,168732.02604818932,185269.4173220601,0.14349225356249076,0.05954610496416196
350000.0,459197.3582836464,449047.36190624227,0.31199245223898975,0.28299246258926364
406000.0,347452.73342005425,336423.5756998019,0.14420509009838853,0.17137050320245836
439000.0,443828.25376971555,512980.4153705211,0.010998300158805352,0.16852030836109586
265000.0,232770.97134821504,229235.79261022503,0.12161897604447154,0.13495927316896214
247500.0,263369.62150878465,269510.8450457183,0.06411968286377637,0.0889327072554275
539950.0,593819.0087516495,592499.1129860565,0.0997666612679869,0.09732218350968883
464000.0,443270.4893967889,460533.5879731306,0.04467566940347224,0.007470715575149621
330000.0,284106.79716269026,293492.8294446491,0.13907031162821135,0.11062778956166938
740000.0,623410.310224191,611488.9583814159,0.15755363483217424,0.17366356975484334
502000.0,469447.5162930578,471208.73593787313,0.06484558507358999,0.061337179406627224
781000.0,535829.3622269819,534480.8670108478,0.3139188703879873,0.3156454967850861
750000.0,582319.8151178183,601947.6348181266,0.22357357984290893,0.19740315357583124
850000.0,817262.3038046674,831425.7416765743,0.03851493670039125,0.021852068615794893
505000.0,541073.568852506,549216.3152102376,0.07143280960892276,0.08755705982225274
926250.0,886844.2266107841,919542.6114894937,0.04254334508957185,0.007241445085566803
800000.0,776031.3748082595,766105.3101985791,0.029960781489675573,0.04236836225177613
427500.0,470381.8634538621,475873.8518255942,0.100308452523654,0.11315520894875837
467000.0,455327.4645755243,459642.3980082577,0.024994722536350482,0.015755036384887205
1260000.0,1068368.8554935164,1131678.8906017295,0.15208820992578062,0.10184215031608769
525000.0,512597.1361131425,519318.79790092964,0.023624502641633374,0.010821337331562592
232500.0,220057.85637592818,229837.00148428546,0.053514596232566956,0.01145375705683674
395000.0,465524.27904271014,500768.47127574525,0.1785424785891396,0.26776828171074746
378500.0,415093.2370332978,436765.07468274975,0.09667962228083957,0.1539367891221922
537000.0,491265.4398357597,504451.9937319008,0.08516677870435811,0.06061081241731692
1436000.0,1360544.6917522287,1403945.6023350726,0.052545479281177816,0.022322003944935522
650000.0,593685.4191598406,581480.4879114463,0.08663781667716837,0.10541463398239038
479950.0,424953.9814356237,430268.73117264843,0.11458697481899423,0.10351342603886148
1250000.0,1283694.9035195673,1334314.4136305982,0.026955922815653868,0.06745153090447858
531000.0,455421.2650955432,454453.1017822829,0.14233283409502226,0.14415611717084204
340000.0,331831.53756386554,332311.71463402506,0.024024889518042533,0.022612604017573347
305000.0,274165.9010561559,270504.24711108813,0.10109540637325931,0.11310082914397335
399995.0,377595.40614249813,405946.3963815864,0.05599968463981266,0.014878676937427674
630000.0,542805.5786979918,525524.971412814,0.13840384333652098,0.16583337870981907
680000.0,564079.7793058465,576000.9240416351,0.1704709127855198,0.1529398175858307
275000.0,204873.86905698862,217295.15810586215,0.25500411252004135,0.20983578870595582
291000.0,304357.8837949899,327438.10049626965,0.04590338073879691,0.12521684019336649
410000.0,385919.557344964,403269.64299744484,0.05873278696350242,0.01641550488428088
485000.0,483671.71499763045,485009.2183389142,0.0027387319636485567,1.900688435920735e-05
503000.0,555242.7930143332,521621.71760635637,0.1038624115593106,0.037021307368501725
450000.0,409076.8372738151,433496.09869102034,0.09094036161374418,0.03667533624217703
275000.0,343063.35533429746,356641.50327394344,0.24750311030653624,0.29687819372343066
548000.0,580203.0426616237,548600.4799722586,0.05876467638982423,0.0010957663727345975
875000.0,625738.5111284009,644556.8990534879,0.2848702729961132,0.26336354393887096
430000.0,514778.1527574994,486566.646015226,0.19715849478488237,0.13155033957029308
515000.0,495347.97658989904,472262.9353421809,0.038159268757477584,0.08298459156858079
985000.0,931466.9001920604,900868.5338060742,0.05434832467811128,0.08541265603444245
262500.0,279361.1172466942,296743.6244444862,0.06423282760645418,0.1304519026456618
490000.0,435931.5829805001,465490.9186363085,0.11034370820306097,0.05001853339528874
975000.0,1128368.118263057,1102252.6747535474,0.15730063411595585,0.1305155638497922
415000.0,398695.24178124405,395807.6923231573,0.039288574021098664,0.04624652452251259
530000.0,524151.95269635814,502531.5728676886,0.011034051516305387,0.05182722100436112
450000.0,447456.34340597957,443476.24085017596,0.005652570208934291,0.014497242555164526
480000.0,508724.0382109733,477905.7577780938,0.05984174627286108,0.0043630046289712485
1490000.0,1880242.4809491944,1685889.7993163695,0.26190770533502983,0.13146966397071777
830000.0,735451.5417431451,783249.2414383916,0.11391380512874086,0.05632621513446793
320000.0,396068.6986311963,384663.28897439264,0.23771468322248837,0.20207277804497698
700000.0,691147.6876724858,716688.6998756956,0.012646160467877386,0.02384099982242233
1060000.0,955077.5575007155,1013635.4456706031,0.09898343632007973,0.04374014559377068
833000.0,768929.8848113131,747365.9388023829,0.07691490418809949,0.10280199423483444
255000.0,311841.58010690025,305406.6401406076,0.22290815728196176,0.19767309859061805
1802750.0,1650347.196390395,1719828.4831920564,0.08453906731915405,0.04599723578307784
650000.0,667508.1195575234,690136.8606623099,0.026935568550036003,0.06174901640355372
487000.0,472794.2269843131,468350.4402597335,0.029169965124613742,0.03829478386091678
900000.0,814457.0184928817,848085.1238953478,0.09504775723013147,0.05768319567183576
510000.0,471585.22374586994,476737.06783272163,0.07532309069437267,0.06522143562211445
272950.0,252118.19676854438,254284.01209294677,0.0763209497397165,0.06838610700514099
231750.0,217320.01990678077,233804.7683680502,0.06226528627063314,0.008866314425243556
463800.0,494071.7924326199,476835.79493598954,0.06526906518460522,0.02810650050881747
434500.0,417374.8259585166,435329.8245392021,0.039413519082815596,0.0019098378347574012
721500.0,675652.9697019823,737784.7939446104,0.06354404753710002,0.02257074697797699
725000.0,664836.551064672,646057.0389625521,0.08298406749700421,0.10888684281027297
600000.0,695368.8361030736,633236.7288145288,0.15894806017178925,0.055394548024214646
685000.0,837258.5286281365,885124.0596615414,0.22227522427465182,0.29215191191465895
619000.0,564543.7867969694,562050.0238644676,0.08797449628922559,0.09200319246451111
408000.0,400736.0050397354,406876.4587125543,0.01780390921633479,0.002753777665308079
296000.0,319389.8863573395,313493.7059379475,0.07901988634236319,0.05910035789847127
312000.0,277959.0499856749,285796.9265569779,0.10910560902027273,0.08398420975327593
1295000.0,1105981.1182223847,1125685.924417755,0.145960526469201,0.1307444599090694
1200000.0,1263067.2651093472,1220813.5383915675,0.052556054257789316,0.017344615326306278
282950.0,202167.25723988525,220158.54557787924,0.2855018298643391,0.22191713879526687
225000.0,215411.48866190074,231875.409965724,0.0426156059471078,0.030557377625439936
625000.0,564477.2147744314,571617.2323679903,0.09683645636090972,0.08541242821121552
406000.0,345979.30527978315,350696.69964579237,0.14783422344880998,0.13621502550297446
240000.0,223884.2164419851,241043.7273789569,0.0671490981583954,0.004348864078987026
600000.0,611708.3267989091,637500.4315683865,0.019513877998181852,0.06250071928064417
325000.0,213966.8206778521,225139.3192512215,0.34164055176045505,0.3072636330731647
950000.0,862762.8638332735,827075.4984541433,0.09182856438602786,0.1293942121535334
305000.0,307908.8116497866,316128.73572905373,0.009537087376349507,0.036487658128045025
1011000.0,801045.2379253389,881890.7731758729,0.20767038780876468,0.12770447757084782
1925000.0,1802178.010179176,1583600.0551623604,0.06380363107575272,0.1773506206948777
500000.0,404383.43810559745,432872.2793309227,0.1912331237888051,0.1342554413381546
972800.0,925872.0191062936,865569.047427692,0.04824011193843178,0.11022918644357321
223990.0,209109.67879985925,222174.10154270014,0.0664329711154103,0.008107051463457565
374990.0,350669.102524317,367060.69974443736,0.06485745613398494,0.021145364557888596
428000.0,394004.6278558584,393175.7756181016,0.07942843958911584,0.0813650102380804
229050.0,290696.95195568155,292416.4028934219,0.2691418989551694,0.2766487792771093
540000.0,527898.2127464565,529046.5351718899,0.02241071713619167,0.020284194126129754
299000.0,354682.5057597165,318141.15777319955,0.18622911625323244,0.06401725007759046
552500.0,457250.57098154334,400095.93293819635,0.1723971565944917,0.2758444652702329
800000.0,659597.7363791154,638212.1430344342,0.17550282952610577,0.20223482120695727
375000.0,419783.65040947316,420627.7928904776,0.11942306775859511,0.12167411437460687
321500.0,297455.0748268238,306336.5132344615,0.07478981391345636,0.04716481109032198
354000.0,382869.9033685175,375997.2758523402,0.0815533993460947,0.06213919732299496
670000.0,556405.9182811092,581402.9764606574,0.1695434055505833,0.13223436349155607
220000.0,144403.00237339374,166478.89186919195,0.3436227164845739,0.24327776423094566
850000.0,900284.0399004198,807673.290540986,0.059157694000493845,0.049796128775310596
485000.0,558252.6974669605,561596.0923918936,0.15103648962259902,0.15793008740596623
347950.0,328289.0645222774,342613.5391442025,0.05650505957098034,0.015336861203614069
225800.0,223153.9836561443,225854.0972349406,0.011718407191566459,0.00023958031417445924
920000.0,796389.110844992,794424.261192205,0.13435966212500872,0.1364953682693424
982218.0,1037578.983774237,1052711.564214836,0.0563632348157303,0.07176977434218891
257000.0,240350.4640733811,252499.51772918407,0.06478418648489846,0.017511604166598964
675000.0,630271.6265242463,629362.9246910237,0.0662642570011166,0.06761048193922421
480000.0,539303.6485574518,554992.7679011062,0.12354926782802456,0.1562349331273045
235000.0,235733.42137992653,230894.81741867753,0.003120942042240541,0.01746886204818073
208633.0,344461.7076167378,339696.0105195586,0.6510413386987572,0.6281988492690928
335000.0,302214.3727348603,303626.7165220317,0.09786754407504393,0.09365159247154717
355500.0,439859.8321875126,363210.3761668571,0.23729910601269366,0.02168882184769924
650000.0,577717.2552630041,575569.5747088452,0.11120422267230139,0.11450834660177657
220000.0,308241.2607920201,298549.7462562201,0.40109663996372785,0.3570443011646368
695000.0,612152.1096850063,631792.4773194476,0.11920559757553048,0.09094607579935603
540000.0,541725.7081470974,569388.1650843902,0.0031957558279581094,0.05442252793405593
370037.0,368058.4117017313,365721.33961110987,0.0053470012411425735,0.011662780718928458
1420000.0,1069477.022905784,1103764.0184026412,0.24684716696775777,0.22270139549109777
1450000.0,1185590.8788344676,1283721.524661196,0.18235111804519474,0.11467481057848557
740000.0,766976.6374819659,790784.8466370006,0.03645491551617019,0.06862817113108184
432500.0,408220.17489383667,408358.05485162087,0.056138323944886326,0.05581952635463384
507950.0,536321.5789672256,542331.4399638732,0.055855062441629334,0.06768666200191602
305000.0,285630.63319190487,288198.305884063,0.06350612068227912,0.05508752169159668
874000.0,646822.3409759596,612514.4480503683,0.25992867165222017,0.29918255371811403
550000.0,399935.6944294737,419749.18387281365,0.2728441919464114,0.23681966568579335
2538000.0,2165631.7357250117,2126131.750541141,0.14671720420606316,0.16228063414454658
1065000.0,920881.6429901255,1037518.5246024508,0.135322400948239,0.025804202251219925
525000.0,439344.71832496655,427083.48708430526,0.16315291747625418,0.18650764364894235
436800.0,584504.2845436636,600086.815035643,0.33815083457798445,0.3738251259973513
375000.0,362878.3037562837,382234.88886893645,0.032324523316576766,0.019293036983830544
235000.0,186375.6363799429,200977.06940828884,0.2069121856172642,0.14477842804983473
905000.0,857177.4405533379,824517.6706074923,0.05284260712338352,0.08893075070995322
425000.0,366082.1168964375,356987.606268642,0.138630313184853,0.16002916172084233
528000.0,446737.80218902486,452126.2566687725,0.1539056776723014,0.14370027146065817
525000.0,594222.4794275302,619991.8615515464,0.1318523417667242,0.18093687914580261
546200.0,561994.1819553615,556301.5822250673,0.02891648106071312,0.01849429188038687
361500.0,328380.9444000058,327086.11483954696,0.09161564481326197,0.09519746932352154
455950.0,481272.6672212169,486486.75591513515,0.05553825467971684,0.06697391362021086
261500.0,291398.57813009556,303431.1341368916,0.11433490680724878,0.16034850530360067
377000.0,354688.4715023148,359255.0525806889,0.059181773203409054,0.04706882604591802
510000.0,539209.7072123801,552051.1259494602,0.057273935710549284,0.08245318813619647
320000.0,277790.167568415,283951.4793016107,0.13190572634870315,0.11265162718246648
355000.0,492378.81905767974,392617.5460628255,0.38698258889487247,0.10596491848683234
910000.0,775533.736842701,779004.2396514608,0.14776512434868025,0.14395138499839474
335000.0,327177.222605192,346023.7498324666,0.02335157431285974,0.032906715917810726
615000.0,571253.4897093117,575415.0058250539,0.07113253705802967,0.06436584418690423
245500.0,242518.18913536845,255393.81726330039,0.012145869102368848,0.04030068131690585
844000.0,891084.4044819289,890494.5503166001,0.05578720910181151,0.05508832975900489
510000.0,505357.92447539984,504476.11584852374,0.009102108871765028,0.010831145395051492
553000.0,511976.8335504481,509064.076165154,0.07418294113843016,0.07945013351690056
355000.0,328462.8483999461,323355.5529636099,0.07475253971846164,0.08913928742645091
547500.0,579166.2098317905,601148.4075834664,0.05783782617678636,0.0979879590565596
323000.0,389688.0695259527,398763.3550049268,0.20646461153545723,0.23456147060348853
660000.0,588427.6401308408,578562.182885634,0.10844296949872602,0.12339063199146362
502000.0,442527.324620353,452014.842744166,0.11847146489969522,0.09957202640604387
1650000.0,1042802.9248448161,993651.5788832366,0.3679982273667781,0.3977869218889475
600000.0,621438.5098252787,616423.9375960123,0.03573084970879776,0.027373229326687093
279800.0,297500.07260144985,288230.2105064873,0.06325973052698303,0.030129415677224047
790000.0,754275.8320406463,704492.8554376488,0.04522046577133374,0.10823689185107743
2250000.0,1581901.9796112264,1788979.3098123162,0.29693245350612163,0.20489808452785946
985000.0,875406.5242584216,892280.720946545,0.11126241192038415,0.09413124777000506
210750.0,287111.6008578002,296863.70859017357,0.3623326256597875,0.40860597195811893
445000.0,449665.25889605464,437858.85230501875,0.010483727856302565,0.016047522910070222
270000.0,312912.4078811552,294422.37385084754,0.15893484400427854,0.0904532364846205
660000.0,693717.2943971601,682833.4155747222,0.05108680969266676,0.034596084204124584
445000.0,427050.09776973154,423976.6317169536,0.04033685894442351,0.047243524231564964
415000.0,394534.5349368837,387014.0237441915,0.04931437364606333,0.06743608736339396
362500.0,360256.36790515145,386514.75184665323,0.006189329916823591,0.06624759130111237
669000.0,677690.223847894,698254.5521027418,0.01298987122256203,0.04372877743309684
550000.0,545935.9584864822,549384.820101532,0.00738916638821427,0.0011185089063053867
514000.0,461975.48512192594,477341.0602937546,0.10121500949041645,0.0713208943701272
920000.0,1084257.217067872,1076887.3731037888,0.1785404533346434,0.1705297533736835
540000.0,543140.8426735823,525654.2795597686,0.005816375321448625,0.026566148963391444
485000.0,454170.5318772147,472584.2640552846,0.06356591365522749,0.0255994555561142
1445000.0,1349490.9678096788,1299066.7545695018,0.06609621604866522,0.10099186534982571
439000.0,383356.9287477898,396982.14616224053,0.12674959282963594,0.0957126511110694
812000.0,807124.0886221221,819905.8530546322,0.006004816967829961,0.009736272234768719
415000.0,322069.1789786657,321613.4428565296,0.22392968920803452,0.22502784853848287
209950.0,218309.17954126312,212292.91408108032,0.039815096648073915,0.011159390717219919
945000.0,1070554.672209223,1091605.2649434984,0.1328620869938868,0.15513784650105653
912000.0,878225.8399301784,889331.4491256983,0.03703307025199741,0.02485586718673432
1600000.0,1365465.5496125815,1327319.5311690024,0.14658403149213656,0.17042529301937348
670000.0,670731.5687600755,668054.8324614787,0.0010918936717544626,0.0029032351321214116
370228.0,350734.0493178329,350312.5415149496,0.05265390700370334,0.05379241571423668
300000.0,333944.68163475324,387865.6932762845,0.11314893878251081,0.29288564425428165
306500.0,300049.4136040031,320117.74471927714,0.021045958877640828,0.04442983595196456
599950.0,514233.48354810465,497959.37136325834,0.14287276681706035,0.16999854760687
805000.0,568305.6649990134,567749.3720187948,0.2940302298148902,0.294721276995286
294000.0,266939.83394378325,265265.30541559216,0.09204138114359439,0.0977370564095505
510000.0,467074.0211475101,483731.90530957165,0.08416858598527432,0.05150606802044774
282000.0,297924.6520946567,327941.7450709581,0.05647039749878269,0.1629139896133266
733000.0,697913.205484371,662364.9199005342,0.04786738678803404,0.09636436575643355
137900.0,209901.92540746334,224947.31674457755,0.5221314387778342,0.6312350742899024
650000.0,568228.8391290798,548483.6220694785,0.12580178595526179,0.15617904297003307
145600.0,214307.77020341082,224249.02562650174,0.47189402612232706,0.5401718793028966
718000.0,721357.9332247477,621849.8440638096,0.004676787221097014,0.1339138662063933
540000.0,528412.1912057269,526605.7989366824,0.021458905174579747,0.024804076043180735
725000.0,644033.9738362918,641432.2562680021,0.1116772774671837,0.11526585342344539
520000.0,475194.16513373645,455187.9976291475,0.08616506705050683,0.12463846609779329
790000.0,715178.143799847,762253.9602255585,0.09471121037994051,0.03512156933473609
412000.0,377140.8441410217,391620.1906333632,0.08460960159946185,0.049465556715137846
390000.0,383646.3884098824,398854.02089044044,0.016291311769532368,0.022702617667796007
369900.0,315135.787923668,304573.16421722807,0.1480513978814058,0.17660674718240588
577500.0,748108.5194440001,731743.655956785,0.29542600769523825,0.2670885817433506
615000.0,625161.1463379404,635097.3948121808,0.016522189167382694,0.03267869075151346
360000.0,346941.1330787383,350165.59212136915,0.03627463033683808,0.02731779966286348
500000.0,641941.42360954,598857.0052803284,0.28388284721907997,0.1977140105606569
253500.0,245842.5793777221,243909.7167274024,0.030206787464607057,0.037831492199596015
573500.0,496076.32901355985,515693.2599086067,0.1350020418246559,0.10079640818028474
793000.0,728329.9583534509,725611.3639879114,0.08155112439665717,0.08497936445408401
294000.0,311002.5315506245,335499.54951126804,0.057831739968110626,0.1411549303104355
475000.0,445173.3388474779,420147.4449710757,0.0627929708474149,0.11547906321878802
462000.0,612676.2149636354,609151.8385515107,0.3261389934277823,0.31851047305521796
649000.0,660966.8349273957,646771.744376227,0.018438882784893196,0.0034333676791571234
324950.0,324094.97997041,324063.8180597188,0.002631235665763962,0.002727133221360768
200000.0,401951.43195081473,378968.8331381779,1.0097571597540738,0.8948441656908896
775000.0,681919.924573391,649811.7115204757,0.12010332313110841,0.16153327545745072
315000.0,269088.9486443434,272679.6987741604,0.1457493693830368,0.13435016262171298
1206500.0,1111408.9917722577,1145928.0684803869,0.07881558908225635,0.05020466764990728
640000.0,566399.2205960285,558065.4027536317,0.11500121781870548,0.12802280819745046
391500.0,412524.82389508805,416177.44936195115,0.05370325388272809,0.06303307627573729
219950.0,205858.50899911445,214248.62355467532,0.06406679245685634,0.025921238669355237
910000.0,889932.854985836,889809.4132585542,0.02205180770787257,0.02218745795763277
318200.0,326507.316067853,322371.11010273255,0.02610721580092084,0.013108454125495127
275000.0,269259.31223168067,250940.68812580843,0.02087522824843393,0.08748840681524206
406000.0,377646.27856476244,381717.53982634714,0.06983675230354079,0.05980901520604152
1525000.0,1620897.6488997806,1786253.617329028,0.06288370419657743,0.1713138474288708
564450.0,530529.4386808058,541917.4158474797,0.06009489116696634,0.0399195396448229
435000.0,420012.9540263913,427357.7194787792,0.03445297924967512,0.01756846096832372
400000.0,365122.8326365736,394974.8880286225,0.08719291840856604,0.012562779928443778
598000.0,678488.2199900312,642997.6387223168,0.1345956856020589,0.07524688749551309
639900.0,611135.8333138131,594903.7787437913,0.04495103404623678,0.07031758283514412
535000.0,465524.0199054379,453043.7962867061,0.1298616450365647,0.1531891658192409
470000.0,509037.6521133394,512333.8279095506,0.08305883428370085,0.09007197427563951
855000.0,916023.9942417492,887303.1430837201,0.07137309268040838,0.03778145389908786
3345000.0,2518687.0627379813,2481378.6538213226,0.2470292787031446,0.2581827641789768
335000.0,314508.7663161886,311468.31565311074,0.06116786174272055,0.07024383387131124
402000.0,340481.29023915774,352194.73397120385,0.15303161632050313,0.12389369658904514
499950.0,480494.62488282594,460135.0899395484,0.03891464169851797,0.07963778389929313
450600.0,439777.62926540605,426484.15027987317,0.02401768915799811,0.053519417931928166
936000.0,845999.3770176757,878141.9262138696,0.0961545117332525,0.06181418139543847
540000.0,421352.25812789326,439058.7403918386,0.21971804050390137,0.18692825853363224
875000.0,829078.3009641464,841982.6272463168,0.052481941755261274,0.03773414028992371
714000.0,621661.776272791,631467.4032839641,0.1293252433154188,0.11559187215131073
1160000.0,1144921.9009397926,1149041.8821846428,0.01299836125879946,0.009446653289101006
248000.0,292082.38492576475,290023.1780642972,0.17775155212001917,0.16944829864635963
340000.0,176806.60215120358,211389.9525551763,0.4799805819082248,0.378264845425952
350000.0,326545.4134809581,344798.9879494537,0.06701310434011976,0.014860034430132282
387000.0,333165.05194177636,348402.4372923143,0.13910839291530658,0.09973530415422659
525000.0,446958.40627888823,450502.1195278401,0.14865065470687958,0.14190072470887596
1400000.0,1089138.778401211,1072869.3235540977,0.2220437297134208,0.23366476888993024
455000.0,229419.84182687238,244747.75849482504,0.4957805674134673,0.462092838472912
550000.0,683906.1311933382,708609.5880386466,0.24346569307879673,0.2883810691611757
336000.0,329982.99610970827,322886.2240080231,0.01790774967348729,0.03902909521421697
500000.0,466524.7004154992,502150.00143415463,0.06695059916900156,0.004300002868309268
330000.0,274261.04273450625,281128.71895838436,0.16890593110755683,0.14809479103519893
205000.0,262326.2279974661,261017.97316500644,0.2796401365730054,0.2732584056829582
610000.0,555888.2398348022,587056.839487479,0.08870780354950455,0.03761173854511647
375000.0,383915.3978754663,385904.0506470598,0.02377439433457687,0.02907746839215948
350000.0,371219.42114856903,382634.8387683914,0.060626917567340094,0.0932423964811183
740000.0,662651.5729762588,671514.7760217437,0.10452490138343404,0.09254759997061668
1398000.0,1233220.2955945109,1234806.7638723003,0.1178681719638692,0.11673335917575088
1150000.0,981313.9808442137,934845.0410062446,0.146683494918075,0.18709126869022208
424305.0,331394.7042302915,355992.2175783033,0.2189705418736723,0.16099923974899352
570000.0,591474.147394658,589652.9785933081,0.03767394279764553,0.03447890981282128
1272500.0,1066810.3756481162,1075787.0431411932,0.1616421409445059,0.15458778535073225
420000.0,467067.0458018018,466584.9104650406,0.11206439476619472,0.11091645348819189
230000.0,212282.9789968066,224832.67285222845,0.07703052610084085,0.022466639772919766
410988.0,354074.69433974323,351888.9803168281,0.1384792394431389,0.14379743370407866
375000.0,356892.1844314425,365536.6518026623,0.04828750818281993,0.02523559519290055
273000.0,283122.5103992938,290288.6531599064,0.03707879267140584,0.06332839985313696
465000.0,462116.6386965752,443008.0027000011,0.006200776996612499,0.047294617849459965
935000.0,802030.9779609735,740588.6717559791,0.14221285779575024,0.20792655427168014
480000.0,545593.7750147425,547383.714558799,0.13665369794738022,0.1403827386641647
1300000.0,1346812.1521589602,1340421.6460998133,0.03600934781458479,0.031093573922933295
724950.0,819482.2470142526,838961.3164056618,0.1303982992127079,0.15726783420327162
392500.0,453069.7991289015,427146.9633248403,0.15431795956408026,0.08827251802507081
252000.0,244389.821883954,247900.49003861257,0.03019911950811908,0.016267896672172356
210000.0,202050.42172535454,208817.90085234673,0.03785513464116888,0.005629043560253645
1170000.0,950771.684729324,996041.1245778109,0.18737462843647526,0.14868279950614455
902500.0,653253.3809497188,612248.8787339614,0.27617353911388504,0.3216078905994888
700000.0,575386.3712134302,538986.3832239221,0.17801946969509974,0.23001945253725414
680000.0,633385.0166207899,619897.223369494,0.06855144614589723,0.08838643622133241
676000.0,639603.7637226945,650895.8645560495,0.053840586209031836,0.03713629503542979
195000.0,257107.7361854785,256267.92262489352,0.3185012112075821,0.3141944749994539
690000.0,649747.3426259923,666241.2352624789,0.05833718460001122,0.03443299237321894
594950.0,532167.7308360664,574754.5087918387,0.10552528643404249,0.03394485453930808
932800.0,896186.8404406373,883380.3721993784,0.03925081427890511,0.0529798754294828
715000.0,727267.804279607,731397.2415252771,0.017157768223226604,0.022933204930457547
550000.0,500753.3352551696,514633.7442255646,0.08953939044514618,0.0643022832262462
459000.0,435151.0315115045,466082.3313477694,0.05195853701197278,0.015429915790347314
305000.0,247726.71670949535,265353.4043502792,0.1877812566901792,0.12998883819580592
735000.0,811518.7107810054,818235.4189435517,0.10410708949796658,0.1132454679504105
662700.0,556535.4394446486,532200.2429522783,0.16020003101758176,0.196921317410173
750000.0,752016.2408622773,756234.1484444431,0.0026883211497031154,0.008312197925924168
575000.0,433610.1479288924,452610.0787565429,0.24589539490627407,0.21285203694514282
525000.0,585531.1842824051,576458.8036810452,0.11529749387124776,0.09801676891627654
809000.0,670512.0475070674,662125.387697156,0.1711841192743295,0.18155081866853393
545000.0,445460.3089631505,392779.44970678445,0.1826416349299991,0.27930376200590007
545000.0,480482.5422598511,496323.7974643884,0.1183806564039429,0.08931413309286527
489000.0,502990.31718936755,520437.22270209854,0.028610055601978622,0.06428879898179661
565500.0,563941.7837016906,580446.7173550464,0.0027554664868424186,0.026430976755166084
274950.0,279873.08961085486,280604.8460047282,0.017905399566666164,0.020566815801884807
250000.0,339618.51829326554,348315.1137100599,0.3584740731730622,0.3932604548402396
719000.0,950728.6722428586,925881.6461260922,0.3222930072918756,0.2877352519138973
277000.0,237858.41216679086,241902.43050337624,0.14130537123902215,0.1267060270636237
860000.0,693450.1517372787,667341.7903098259,0.1936626142589783,0.22402117405834196
710000.0,685608.851877074,739165.0506602392,0.03435372975060001,0.041077536141181946
336750.0,358375.18392139697,337200.1205089666,0.06421732419123077,0.001336660754169616
635000.0,629862.9458191019,666722.4623006321,0.008089849103776569,0.049956633544302596
1378000.0,1254003.5609831754,1184070.5383386174,0.08998290204413976,0.1407325556323531
628000.0,507054.6879968963,508834.32739469537,0.19258807643806325,0.18975425574093094
435000.0,423811.09791097057,431055.8633656875,0.025721613997768813,0.00906698076853451
313500.0,452383.0330650556,440023.0134495748,0.4430080799523305,0.4035821800624396
440000.0,345267.21805251995,362444.2319675712,0.21530177715336374,0.17626310916461094
372000.0,387995.82919598615,381449.2985163417,0.042999540849425144,0.02540134009769279
352500.0,329105.2879531839,345110.697121204,0.06636797743777609,0.020962561358286544
576250.0,565694.8022677404,575430.4279983959,0.018317045956198933,0.0014222507620028294
1205000.0,1033551.2061551232,987518.860493574,0.14228115671774008,0.18048227344931622
325000.0,249865.04952498563,276994.32136772823,0.23118446300004422,0.14770978040699007
590000.0,651739.6279398671,643580.9558150952,0.10464343718621541,0.09081517934761901
325000.0,280192.29679131584,291759.6352424199,0.1378698560267205,0.10227804540793876
800000.0,572171.9147330008,569498.533254705,0.284785106583749,0.2881268334316187
387500.0,309026.6262413521,305705.4983858012,0.20251193228038164,0.21108258481083558
662500.0,680505.3563102116,695325.8935962797,0.02717789631730051,0.04954851863589384
340500.0,297143.23703621153,304580.4419888719,0.12733263719174293,0.10549062558334245
555000.0,467395.33681816,482547.09048928745,0.15784623996727923,0.13054578290218477
245000.0,292657.2408847123,287931.5855352175,0.19451935054984618,0.17523096136823463
403000.0,360287.26918930927,407748.4670549768,0.1059869250885626,0.011782796662473427
190000.0,341814.61221882876,353452.3197328686,0.7990242748359409,0.8602753670150978
495000.0,465665.64047381084,454616.68178220134,0.059261332376139716,0.0815824610460579
525000.0,552930.7141305784,559385.168501938,0.05320136024872085,0.06549555905131046
320000.0,333547.11409262446,323062.8370111912,0.04233473153945142,0.009571365659972434
425000.0,385060.8072251218,379237.9728064399,0.09397457123500746,0.10767535810249433
970000.0,387130.56381804164,400429.7410965202,0.6008963259607818,0.5871858339211132
330490.0,290037.4958637518,279834.67742672155,0.12240159804002602,0.15327338973426866
199950.0,143658.97346051666,173111.8814286318,0.2815255140759357,0.13422414889406448
1280000.0,1111750.0842031147,1084082.0721257294,0.1314452467163166,0.1530608811517739
461000.0,462289.6792452693,448343.3851085426,0.002797568861755478,0.02745469607691404
585444.0,625633.2375065428,614992.4557807689,0.0686474496391505,0.05047187396363936
342000.0,325875.5683146603,329464.0258921585,0.047147461068244786,0.03665489505216812
336000.0,432228.12866638036,411049.3988470434,0.28639324007851297,0.22336130609239108
480000.0,472391.008085253,479221.490276282,0.015852066489056234,0.0016218952577458064
548500.0,564194.7545625609,549141.3511858721,0.028613955446783836,0.0011692820161752107
425000.0,355221.1487571207,349448.6813172776,0.16418553233618657,0.17776780866522918
315000.0,311366.1044929699,314818.1222285862,0.011536176212793882,0.0005773897505200852
280000.0,246332.05726629696,255345.5220763649,0.12024265262036798,0.08805170687012537
331210.0,341024.8604574797,334553.6763186627,0.029633345785090186,0.010095336247887162
635000.0,587314.4488434944,606717.5601658025,0.07509535615197731,0.04453927532944491
605000.0,568794.390437918,551885.6282657805,0.059843982747242945,0.08779234997391651
610000.0,514181.1812130665,542894.0945287393,0.15708003079825164,0.11000968110042732
350000.0,324566.4388353129,316112.52863815497,0.07266731761339171,0.09682134674812867
268000.0,358639.04940096854,361458.98644254054,0.33820540821256917,0.3487275613527632
850000.0,801832.9004228422,791409.6131263752,0.056667175973126774,0.06892986691014677
550000.0,497381.7614332849,466864.1905453403,0.09566952466675471,0.15115601719029037
220000.0,255492.7048120945,261405.7712445972,0.16133047641861142,0.18820805111180552
405000.0,433671.70311913604,436123.3533766201,0.0707943286892248,0.07684778611511135
360000.0,333180.4149513989,330353.87122883345,0.07449884735722524,0.08235035769768487
486000.0,483060.6423514478,488962.17707140703,0.006048061005251483,0.006095014550220226
597500.0,471189.91175013967,508517.02567342436,0.21139763723825997,0.14892548004447806
335000.0,333313.9494900877,346902.1286292002,0.005032986596753167,0.035528742176717074
315000.0,359578.8831543945,353139.2952048106,0.1415202639822048,0.12107712763431944
365000.0,416146.63110090425,450393.41799903184,0.14012775644083358,0.2339545698603612
457500.0,347263.7798882492,347214.29959839705,0.2409534865830619,0.24106164022208296
1600000.0,1005271.8728884418,971474.1911683364,0.37170507944472386,0.3928286305197897
1595000.0,1867974.5689431175,1731711.830561292,0.17114393037186051,0.08571274643341184
325000.0,326119.7448625497,318267.59951527894,0.0034453688078452476,0.020715078414526338
560000.0,509078.54855651245,502800.6788697006,0.09093116329194205,0.10214164487553468
251000.0,238812.75720734659,251508.7531548427,0.048554752161965795,0.002026904999373334
353000.0,336815.73588282045,361413.3133777873,0.04584777370305823,0.02383374894557309
620000.0,616023.4358973219,618302.7785910431,0.006413813068835636,0.0027374538854143824
350000.0,364464.8278070183,365892.75036125694,0.04132807944862372,0.045407858175019834
705000.0,605010.8418628152,605904.2122393157,0.1418285931023898,0.14056140107898477
950000.0,953891.829126917,857158.4583892736,0.004096662238859939,0.09772793853760672
679000.0,633989.1658837036,599731.629770445,0.06628988824196816,0.11674281329831361
1208000.0,989623.5680926142,979597.7242936153,0.18077519197631275,0.18907473154502044
785000.0,718534.2493398741,726150.3208111925,0.0846697460638546,0.07496774418956369
330000.0,321418.2242355343,326022.0860591361,0.02600538110444146,0.012054284669284597
285000.0,240635.28926673153,247854.40907709798,0.15566565169567884,0.13033540674702462
345000.0,355401.86798037135,359291.487331788,0.030150341972090856,0.04142460096170434
630000.0,571260.4809470302,592608.1884441553,0.09323733183011072,0.05935208183467418
419000.0,324689.5821522326,324365.54890815297,0.22508452946961197,0.22585787850082825
545000.0,414030.0939453684,425310.16988650046,0.24031175422868178,0.2196143671807331
450000.0,527798.0567487758,544794.3945771086,0.17288457055283504,0.21065421017135236
395000.0,367759.97949750844,347704.4633031715,0.06896207722149762,0.11973553594133796
202000.0,170955.39648686312,181977.6184662299,0.15368615600562813,0.0991207006622282
285000.0,279558.2076186744,270756.6784555564,0.01909400835552849,0.04997656682260915
495000.0,500759.16423008544,490822.51102490036,0.011634675212293825,0.008439371666867954
704300.0,554198.8574285035,560778.7226810602,0.21312103162217313,0.20377861325988897
400000.0,452066.7513480786,474591.4361247617,0.1301668783701965,0.18647859031190425
135000.0,149017.46907191124,188106.96110189744,0.10383310423637956,0.39338489705109214
438800.0,426857.4047091291,431684.4521817608,0.027216488812376646,0.01621592483646125
375000.0,532349.036338066,502039.6842893763,0.41959743023484264,0.3387724914383368
560000.0,487987.07027204696,499509.87275198504,0.12859451737134472,0.1080180843714553
330000.0,341942.0735109926,341384.19353002735,0.036188101548462345,0.034497556151598024
395000.0,343243.20017182,357429.7212110994,0.13102987298273416,0.09511462984531793
575000.0,421673.13074762316,446148.2520269619,0.2666554247867423,0.2240899964748489
395000.0,349047.11455987126,347360.77479610173,0.11633641883576896,0.12060563342759055
435000.0,371902.09447953175,397617.3086348519,0.14505265636889253,0.08593722152907612
635000.0,541263.0000382608,566166.874816218,0.1476173227743924,0.1083986223366645
625000.0,655588.0120711076,666602.2479353982,0.048940819313772206,0.0665635966966372
420200.0,369895.99750236445,371630.2984649192,0.11971442764787137,0.11558710503350973
455000.0,486247.23100903974,491323.54607464594,0.06867523298690052,0.07983196939482624
415000.0,392907.80615631834,381577.9255512954,0.053234202032967845,0.08053511915350507
390000.0,364566.4855750815,390918.65843133733,0.06521413955107311,0.002355534439326491
382000.0,401897.5840806179,431572.96381864976,0.05208791644140805,0.12977215659332397
269000.0,248341.63712612388,255350.25509757354,0.07679688800697441,0.05074254610567459
299000.0,292837.2552648671,290920.91461125057,0.020611186405126766,0.02702035247073388
235000.0,245573.02444163966,246594.60921146563,0.0449915933686794,0.049338762601981424
1089000.0,986311.3500269217,1033732.9649510826,0.09429628096701403,0.05075026175290854
315000.0,267068.665572233,259357.7562377821,0.15216296643735563,0.17664204368958064
650500.0,643724.2563006805,617849.5097796544,0.01041620860771644,0.05019291348246819
368888.0,346989.332865681,362313.1108553886,0.05936399973520154,0.017823537617410783
1130000.0,1018800.2555603439,974140.0322566037,0.09840685348642136,0.13792917499415602
229950.0,215807.39992603098,220749.16203733228,0.061502935742418004,0.04001234165108815
430000.0,421182.5292166333,416591.2519371939,0.020505746007829548,0.031183135029781598
202500.0,265987.3985802953,268208.8215867866,0.3135180176804707,0.3244880078359832
483000.0,500804.0786250017,499389.7815290729,0.03686144642857497,0.03393329509124825
554000.0,548051.5725159887,551973.7500183376,0.010737233725652126,0.0036574909416288355
641000.0,643194.4789848456,635463.1793368766,0.0034235241573253813,0.008637785745902326
975000.0,485329.098747474,498956.4463664028,0.5022265653872061,0.48824979859856127
710000.0,585031.1016516304,583787.1140957939,0.17601253288502766,0.17776462803409307
265500.0,264412.033423614,249491.49572999263,0.004097802547593259,0.060295684632796116
260000.0,292365.8437373057,286497.63373244787,0.12448401437425279,0.10191397589403026
304000.0,291921.5029304572,291467.28736309777,0.03973189825507507,0.0412260284108626
590000.0,464714.1455072383,496446.6527919722,0.2123489059199351,0.1585649952678437
425000.0,407740.0541886894,416032.3545221117,0.040611637203083785,0.021100342300913625
379950.0,394073.981859029,380441.39478955814,0.03717326453225156,0.001293314355989306
1160000.0,1608928.1878780085,1473013.081640291,0.3870070585155245,0.2698388634830095
750000.0,480187.46800544625,484229.4629889867,0.359750042659405,0.3543607160146844
209500.0,291452.36013141455,296765.6805026063,0.3911807166177305,0.4165426276974049
548500.0,498617.2530945969,475916.66775847896,0.09094393237083517,0.13233059661170654
670000.0,634557.2876486409,609592.3359723102,0.052899570673670265,0.09016069257864155
270000.0,287567.7661289119,274152.67183959944,0.06506580047745159,0.015380266072590517
320000.0,293209.48977899866,304564.99598668,0.0837203444406292,0.048234387541625075
1000000.0,465796.11531135853,439073.79092918587,0.5342038846886414,0.560926209070814
540000.0,633313.9735285859,620406.3697682311,0.17280365468256642,0.14890068475598345
241400.0,281176.86934443895,267681.162312196,0.16477576364722019,0.10886976931315653
250000.0,198254.89186952903,202767.21186449967,0.20698043252188386,0.18893115254200132
895000.0,838159.1738339461,973481.7798691601,0.06350930297883116,0.08768913951861469
699000.0,707059.2926621146,742667.1921633879,0.011529746297731907,0.06247094730098411
625000.0,554022.3035344165,529595.6397420593,0.11356431434493362,0.15264697641270514
1042500.0,867719.6090204074,820748.2875582766,0.16765505129936936,0.21271147476424312
570000.0,557453.6308451191,512223.47174074507,0.022011173955931353,0.10136233027939462
560000.0,608142.5180712342,618451.6715206038,0.08596878227006112,0.10437798485822111
322500.0,282410.4124190687,281110.3289629384,0.12430879870056222,0.12834006523119879
443000.0,368024.5059657371,385533.74340571463,0.16924490752655283,0.12972066951305952
305000.0,251032.662073183,244002.22062998923,0.17694209156333446,0.19999271924593695
510000.0,619740.5056512392,638928.3960312482,0.21517746206125332,0.2528007765318591
348000.0,380835.30333419936,417781.48005338863,0.09435431992586023,0.20052149440628916
685000.0,595088.094025787,597903.7402583138,0.13125825689666137,0.12714782444041775
745000.0,681637.6429862299,645196.5940723917,0.08505014364264449,0.13396430325853456
500000.0,512035.40046476194,499160.7811657543,0.024070800929523888,0.0016784376684913878
790000.0,737331.2276074532,665414.2820980132,0.06666933214246425,0.15770344038226175
220000.0,213016.09872147272,209696.41330015202,0.031745005811487634,0.04683448499930898
312000.0,278368.76516470104,288301.7552300398,0.10779241934390695,0.07595591272423133
369500.0,351921.85505462746,351700.7902951316,0.04757278740290267,0.04817106821344622
245000.0,295841.7191237765,284489.1828446643,0.20751722091337338,0.16118033814148702
316000.0,321859.7685229904,320308.32716929045,0.01854357127528608,0.013633946738260926
469900.0,458682.74123051995,432860.1613870431,0.02387158708125143,0.07882493852512647
383000.0,396908.70743499405,407704.1309986283,0.03631516301565026,0.06450164751600071
349950.0,315265.15584050433,306777.7842860385,0.09911371384339382,0.1233668115844021
717000.0,539485.5774318202,559889.8691731875,0.24757938991377934,0.2191215213763075
675000.0,607135.0402044253,621250.8649238598,0.10054068117862912,0.0796283482609484
299000.0,247091.38596180262,273006.2276874586,0.17360740481002468,0.0869356933529812
599832.0,673708.8727592358,643668.2662321059,0.12316260679529567,0.07308090637396121
280000.0,292857.9235675965,315452.37189815904,0.04592115559855883,0.12661561392199655
345000.0,408190.93185688724,408891.8741825114,0.18316212132431084,0.185193838210178
301000.0,334543.96393270476,327711.34246146947,0.11144174064021516,0.08874200153312115
467000.0,392310.26735585975,402014.54564588616,0.15993518767481854,0.13915514850987976
660000.0,557839.272672454,564744.9586917023,0.1547889807993121,0.14432582016408738
250000.0,303740.8380762612,317537.3597406525,0.21496335230504487,0.27014943896260996
420000.0,307365.37990267324,319311.477857582,0.26817766689839706,0.2397345765295667
760000.0,610466.1293660073,602041.1899687994,0.1967550929394641,0.2078405395147377
477000.0,393122.9210484498,405888.2894807307,0.17584293281247418,0.14908115412844714
536650.0,467882.7056777154,506039.7596520136,0.12814179506621556,0.05703948634675562
800000.0,788948.4001801098,785719.9509611503,0.013814499774862779,0.017850061298562068
391000.0,396964.96340300346,399589.84217429534,0.015255660877246714,0.02196890581661211
874950.0,475281.1827753575,467551.1071320575,0.45679046485472596,0.4656253418686125
270000.0,230305.98499088563,244205.74005217606,0.1470148704041273,0.09553429610305164
1565000.0,1382856.719358507,1388725.925743043,0.11638548283801464,0.1126351912185029
416000.0,377011.5656232995,390136.6088745863,0.09372219802091464,0.062171613282244485
499000.0,504687.89648281713,506083.76390387816,0.011398590145926113,0.014195919647050428
887200.0,631380.6692760964,589462.1791301246,0.28834460180782645,0.3355926745602743
3000000.0,2524442.060283179,2450135.710339561,0.15851931323894036,0.18328809655347963
325000.0,234315.8027354738,251475.19933457495,0.2790282992754653,0.22623015589361553
510000.0,411575.96224059246,406711.9658271391,0.19298830933217165,0.20252555720168805
255000.0,240398.69037230057,250893.1363472212,0.05726003775568405,0.016105347657956036
1300000.0,1371250.1381304795,1326600.164893719,0.0548077985619073,0.020461665302860695
689800.0,487912.46031479066,505992.0372997667,0.2926754706947077,0.2664655881418285
615000.0,602368.21685195,666397.354825289,0.02053948479357717,0.08357293467526665
1080000.0,800091.0455051378,838700.8846361572,0.2591749578656132,0.22342510681837296
2510000.0,1881211.7581798523,2052523.4233264925,0.2505132437530469,0.18226158433207468
432000.0,483535.2438482377,493017.1604296189,0.11929454594499461,0.14124342692041414
705000.0,1002277.0475379876,964354.5184232693,0.42166957097586893,0.36787874953655214
336000.0,360453.4695709895,372119.1091568105,0.07277818324699252,0.10749734868098364
388500.0,354835.09113571467,349016.6395089413,0.08665356207023252,0.10163027153425656
376000.0,387092.575843559,397037.1133400388,0.029501531498827116,0.055949769521379804
537000.0,725556.090231593,677003.8571505535,0.35112865964914897,0.2607148177850158
1557600.0,1635404.2529239904,1622689.1575424168,0.049951369365684624,0.041788108334884964
620000.0,607275.8494097206,607702.6810632572,0.020522823532708664,0.019834385381843293
832600.0,699204.3586474683,685683.6378090247,0.1602157594913905,0.17645491495433022
521500.0,485234.91573397454,485417.6777591882,0.06953995065393184,0.06918949614729007
705000.0,571516.5797068563,559523.788653066,0.18933818481296982,0.20634923595309781
400000.0,290901.3303657727,300948.5743533079,0.27274667408556824,0.24762856411673026
460000.0,452575.99631167564,462001.4729055343,0.01613913845287904,0.00435102805550939
265000.0,247823.59229669583,255920.9852847644,0.06481663284265723,0.034260432887681484
286500.0,255365.63877043093,255308.69432409087,0.10867141790425504,0.10887017687926397
518000.0,554884.5048981984,542349.4996780149,0.07120560791157995,0.04700675613516389
860000.0,855083.219522018,854086.3949033765,0.005717186602304668,0.006876284996073877
715000.0,657176.1912869875,626094.368228127,0.08087245973847901,0.1243435409396825
710000.0,704359.0623756339,656905.719876334,0.007944982569529774,0.07478067623051556
880000.0,713787.2720648744,675718.453440954,0.18887809992627907,0.23213812108982504
1000000.0,1251825.5092636913,1136052.4529601545,0.25182550926369124,0.1360524529601545
855000.0,837987.6219412389,874575.6480148681,0.019897518197381434,0.02289549475423175
560000.0,495861.47318730084,496608.60534122563,0.11453308359410563,0.11319891903352566
499000.0,487971.70202270226,497423.45967281325,0.02210079754969487,0.003159399453280069
547500.0,571258.918910817,538146.3997425124,0.043395285681857555,0.01708420138353903
355200.0,374079.78365678806,328681.16933241615,0.05315254407879521,0.0746588701227023
887250.0,740250.6032524402,711897.4563171823,0.16567979346019698,0.19763600302374495
630000.0,556965.5130377283,601611.4682082352,0.11592775708297101,0.045061161574229805
250000.0,369098.3779234779,379196.90330664057,0.47639351169391164,0.5167876132265623
386500.0,379466.11117432575,386286.67801268684,0.01819893615957115,0.0005519326967998971
425000.0,423481.1620577505,420286.20700878196,0.003573736334704684,0.01109127762639539
396000.0,338104.70434379333,323963.5767455667,0.14620024155607744,0.18191015973341748
515000.0,509684.8603397559,516430.294868265,0.01032065953445458,0.0027772715888640534
840000.0,689881.2506500445,689105.6946747741,0.1787127968451851,0.1796360777681261
249500.0,175672.22733315913,191520.9175992822,0.29590289646028406,0.2323810917864441
291700.0,328475.37305722665,338858.6374453193,0.12607258504362925,0.16166828058045707
263000.0,209473.52356853202,224459.64280290966,0.20352272407402272,0.14654128211821424
370000.0,326500.22152751166,332387.5722193405,0.11756696884456308,0.1016552102179987
450000.0,421735.9572845093,429633.1606865683,0.06280898381220151,0.04525964291873712
310000.0,212138.42994118025,212439.19952053556,0.31568248406070887,0.3147122596111756
285000.0,264885.9507196581,280141.5558677791,0.07057561150997155,0.01704717239375745
583000.0,506021.5743689147,523729.4263612039,0.1320384659195288,0.10166479183326949
729000.0,668384.202740165,638372.8700822174,0.08314924178303833,0.12431705064167711
500000.0,444592.491979353,478147.96825958067,0.11081501604129397,0.04370406348083867
1800000.0,1612180.0244784164,1507707.6601476474,0.10434443084532422,0.162384633251307
632750.0,712724.2636491045,732566.6130176028,0.12639156641502097,0.1577504749389219
425000.0,229852.22766659057,223967.3240523236,0.4591712290197869,0.47301806105335625
414000.0,198700.8643755713,197295.3541791685,0.5200462213150452,0.5234411734802693
1164000.0,913280.7774112981,936749.985439288,0.21539452112431431,0.19523197127208938
575000.0,577361.870414547,583089.927851421,0.0041076007209513744,0.01406943974160164
320000.0,368792.35215341556,371548.42490176065,0.15247610047942362,0.16108882781800202
585000.0,680229.8509785597,687065.2010958287,0.16278607004882,0.17447042922363876
685000.0,733346.6089079786,745800.3988226188,0.07057899110653815,0.08875970631039236
635000.0,597921.1295580424,590340.0742125639,0.058391921955838755,0.07033059179123792
795000.0,355275.3441297123,336522.0733142767,0.5531127746796072,0.5767017945732369
206000.0,176862.96489818936,184523.86014543846,0.1414419179699546,0.10425310609010455
503000.0,484287.2274584976,452842.72243382345,0.03720233109642619,0.0997162575868321
1050000.0,849097.1293734213,794281.6204002434,0.19133606726340827,0.24354131390453007
272000.0,264719.9305543126,280295.2330424262,0.026764961197380165,0.030497180303037406
920000.0,795188.3089152655,819123.3215006419,0.13566488161384185,0.10964856358625882
336000.0,339023.5649022554,350677.9292297442,0.008998705066236392,0.04368431318376246
484000.0,425878.5497165049,434998.66062594176,0.1200856410816015,0.10124243672326083
339950.0,252092.59486147517,263258.395151991,0.25844213895727264,0.22559671965879985
845000.0,808725.9819565333,832090.4950533655,0.042927832004102634,0.01527752064690476
450000.0,436105.0021929401,466702.44605774584,0.03087777290457756,0.03711654679499075
350500.0,326374.4073641305,335709.2295107968,0.06883193334056922,0.04219905988360405
390000.0,413145.91935024696,360402.78668898717,0.05934851115447938,0.07589029054105854
479000.0,420027.1364798668,404266.1601219197,0.12311662530299206,0.15602054254296513
281500.0,218524.65944427543,232172.41893313776,0.22371346556207664,0.17523119384320512
388000.0,377575.93913616764,378478.7013858983,0.02686613624699062,0.02453942941778793
825000.0,860803.8056828991,859902.5116536526,0.04339855234290798,0.04230607473170018
720000.0,671686.5940016545,670662.6362392654,0.06710195277547981,0.06852411633435355
1330000.0,1290512.9247122584,1339376.562335401,0.029689530291535045,0.007050046868722613
682000.0,617018.1360509412,624145.069143468,0.09528132543850265,0.084831276915736
347000.0,292594.861793364,288655.07163204136,0.15678714180586747,0.1681410039422439
405000.0,383489.16867639567,395338.4671557959,0.05311316376198601,0.023855636652355818
324800.0,284526.8275169969,286363.82530321233,0.12399375764471403,0.11833797628321327
352000.0,373657.0121575999,380510.07194992976,0.061525602720454285,0.08099452258502772
965000.0,906030.1099683797,944589.7477430112,0.061108694333285266,0.021150520473563503
635000.0,498418.6255768991,507190.0735903071,0.21508877861905654,0.2012754746609337
490000.0,534161.5956144423,565775.022194609,0.09012570533559644,0.15464290243797765
431000.0,463628.72864798864,456904.0601267804,0.07570470683988083,0.060102227672344355
315000.0,301827.2460197001,286055.7886986266,0.04181826660412674,0.091886385083725
600000.0,542535.4987305447,549806.7586988814,0.0957741687824255,0.08365540216853105
288349.0,270291.61916425725,244188.61393070323,0.06262335168751322,0.15314908693734597
3000000.0,2113109.9343891684,2119041.129366908,0.2956300218702772,0.29365295687769727
285000.0,275983.272817357,298456.5863724012,0.03163763923734394,0.04721609253474111
701000.0,484005.32429870137,526693.8823279355,0.3095501793171165,0.24865352021692505
1651000.0,1832329.4886263045,1788222.8764747835,0.10983009607892462,0.08311500695020202
350000.0,439887.91764365684,448109.61029704893,0.25682262183901955,0.28031317227728264
374000.0,359943.3251681116,356469.68491858925,0.03758469206387274,0.046872500217675805
293000.0,340173.8282741872,348455.8591408785,0.16100282687435913,0.18926914382552384
647500.0,493174.3984946933,491893.1178620735,0.238340697305493,0.24031950909332284
631000.0,569033.6290646144,611421.1291966117,0.09820344046812295,0.03102832139998146
1950000.0,1417457.0700759913,1268976.34199845,0.27309893842256855,0.3492429015392564
198000.0,181780.3620552587,185156.7834809135,0.08191736335727924,0.06486472989437629
487000.0,548674.2963498278,556110.9709356142,0.12664126560539585,0.14191164463165132
565000.0,537838.8848013642,555560.3542432681,0.048072770263072294,0.01670733762253426
520000.0,547830.1801507609,541774.2414776665,0.05351957721300177,0.041873541303204885
249000.0,223433.01739733177,232825.84744555838,0.10267864499063545,0.06495643596161293
487500.0,471175.3997838072,465480.2132333227,0.03348635941783133,0.04516879336754314
315000.0,280086.078211147,283114.9207874086,0.11083784694873972,0.10122247369076635
350000.0,352763.0989896236,301224.1281418272,0.007894568541781711,0.13935963388049377
299000.0,286124.43391130626,274372.02951899526,0.04306209394211953,0.08236779425085197
1200000.0,1037445.9349283691,1023335.1168721503,0.13546172089302572,0.14722073593987473
1400000.0,1553375.440133382,1636272.6235724497,0.10955388580955865,0.1687661596946069
865000.0,786632.6136621356,741133.7009130412,0.09059813449464098,0.1431980336265419
475000.0,402926.20539955195,393017.21721914987,0.1517343044219959,0.1725953321702108
649950.0,586462.488002762,604203.3787218732,0.09768060927338723,0.07038483156877735
648000.0,632614.5246019993,636026.0132082292,0.02374301758950722,0.018478374678658625
475000.0,449355.87389714894,451578.9970471181,0.05398763390073908,0.04930737463764614
485000.0,475345.20884055406,479861.73986244004,0.019906785895764834,0.010594350799092706
316500.0,376590.5384237637,376680.45558366296,0.18985952108614124,0.19014361953763967
648752.0,791793.6224523494,815825.0883787387,0.22048737029303864,0.2575299781407051
609000.0,614408.4472958132,589386.0428780881,0.008880865838773792,0.03220682614435456
195000.0,188275.13664801465,206529.74227796862,0.03448647872812998,0.059126883476762135
469000.0,449197.8792260226,451854.0410873643,0.04222200591466402,0.036558547788135796
525000.0,546259.4520936807,555158.4333444254,0.04049419446415379,0.05744463494176267
1135000.0,1177411.8325005646,1319469.352180596,0.03736725330446223,0.16252806359523875
1321500.0,1020317.2856119613,1052948.1913167045,0.22790973468637057,0.2032174110354109
1200000.0,1032050.3512966096,1176933.5023364828,0.13995804058615866,0.019222081386264373
485000.0,557897.5997031368,538572.961864467,0.1503043292848182,0.11045971518446807
215000.0,198574.89909181496,207487.3779554399,0.07639581817760481,0.03494242811423299
889000.0,866421.2668980577,878673.4545122752,0.025397900002184864,0.011615911684729838
532000.0,515130.87781677046,534546.5741871102,0.03170887628426605,0.004786793584793568
434975.0,379497.24820293137,370910.80970307393,0.1275423916249638,0.14728246519208246
518000.0,519332.70055904076,514469.6997890354,0.0025727810020091976,0.006815251372518484
767500.0,709101.7194121128,730361.2373231241,0.07608896493535786,0.04838926733143443
315000.0,391008.53200595157,393808.68004450377,0.24129692700302086,0.2501862858555675
1005000.0,941154.2621606408,903900.454950216,0.06352809735259622,0.10059656223859105
480000.0,481090.5492438243,491455.38216179435,0.0022719775913006743,0.023865379503738224
1175000.0,1196607.795245923,1185345.3896965142,0.018389612975253704,0.008804586975756794
635000.0,636429.1955599043,618331.1063677231,0.002250701669140675,0.026250226192562072
319950.0,332709.4506423289,359342.2767150701,0.03987951443140767,0.1231201022505708
954500.0,756117.4798509139,734544.2407212567,0.20783920392780109,0.23044081642613232
658000.0,615196.2699164489,589619.4837508905,0.06505126152515371,0.10392175721749168
479950.0,379120.29240583995,402597.24650977616,0.21008377454768215,0.16116835814193944
535000.0,335865.19030132785,314518.8217095684,0.3722145975676115,0.412114351944732
295000.0,226154.1443672682,245143.61704209927,0.23337578180587054,0.16900468799288382
220000.0,323217.8362445904,328206.9100346619,0.4691719829299564,0.4918495910666449
935000.0,699051.4430223492,657401.3234808692,0.25235139783705973,0.2968969802343645
279950.0,277156.858561161,282666.0154470149,0.009977286797067426,0.009701787629987085
302500.0,276519.13700339745,280263.8131100333,0.0858871504019919,0.07350805583460071
925000.0,806902.1808087474,853647.9104353191,0.1276733180445974,0.0771373941239794
277284.0,351937.58731852507,331344.02324974135,0.2692315002615552,0.1949626493044725
482000.0,477265.53803604667,494985.016431908,0.00982253519492393,0.026939868115991715
313100.0,332034.83502616733,325507.90676772734,0.060475359393699565,0.03962921356667947
590000.0,567659.7660322419,582273.9962529737,0.03786480333518328,0.013094921605129355
495000.0,498814.9493968954,502442.75260520185,0.007706968478576604,0.015035863848892628
275000.0,294419.5744543997,293430.29206269723,0.07061663437963527,0.06701924386435358
95000.0,154017.63187952776,171716.36325613715,0.6212382303108186,0.8075406658540752
500000.0,388681.5981043988,363235.1628042859,0.22263680379120238,0.2735296743914282
625000.0,569687.1627636007,601584.1984543443,0.08850053957823888,0.03746528247304912
450000.0,447251.6270884057,441053.16424794996,0.006107495359098409,0.019881857226777874
620000.0,662368.2618234905,603563.1880050178,0.06833590616692015,0.026510987088680944
535000.0,464330.882814863,447995.6059026626,0.13209180782268598,0.16262503569595774
234950.0,259965.06021451543,273821.599773865,0.10646971787408141,0.1654462642003193
1000750.0,1233184.2217547195,1167353.9002718818,0.2322600267346685,0.16647904099113847
392500.0,361948.0346073052,382418.8362321253,0.07783940227438167,0.025684493676113904
800000.0,826299.396445597,851720.3480712366,0.03287424555699632,0.06465043508904579
242000.0,233838.0821278653,246881.5082895905,0.033726933355928565,0.020171521857812014
621000.0,591450.5000012887,596511.6093980011,0.047583735907747636,0.039433801291463594
369950.0,342929.8861247741,331526.8971099396,0.07303720469043352,0.10386025919735208
485000.0,425573.1310738536,451149.9258263658,0.12252962665184829,0.06979396736831789
290000.0,283162.71468160674,301076.12197442935,0.023576845925494,0.03819352404975637
626000.0,535113.3133885991,549107.4351646677,0.14518640033770114,0.12283157321938072
552500.0,496376.5131974079,485717.1735115916,0.10158097158840203,0.12087389409666674
285000.0,253349.57235231408,252043.04711048308,0.11105413209714358,0.11563843119128744
550000.0,523960.50721778505,454484.11009286117,0.047344532331299906,0.17366525437661606
530000.0,546771.1862115775,538987.5704388584,0.03164374756901415,0.01695768007331765
640000.0,581161.1065133264,550869.6327980073,0.0919357710729275,0.13926619875311352
417000.0,366484.80703119095,362433.1367991411,0.12113955148395454,0.13085578705241938
229000.0,330362.5951209695,334320.14562904014,0.442631419742225,0.4599132996901316
219900.0,160597.3592288739,187590.813008627,0.26968003988688544,0.14692672574521595
258800.0,286025.2329942809,282428.74753307144,0.10519796365641759,0.09130118830398545
332000.0,327519.3946968791,325579.32152281463,0.013495799105785891,0.019339393003570394
725000.0,668495.512998728,591725.1055892713,0.07793722345003039,0.18382744056652237
295000.0,322207.09964111575,319276.5662414933,0.09222745641056188,0.08229344488641788
489950.0,329338.4280921022,295163.0811506278,0.3278121684006487,0.3975648920285176
485500.0,449636.92627414525,449432.73882227414,0.07386832899249175,0.07428890046905429
180000.0,216252.57834811503,226585.43503371777,0.2014032130450835,0.2588079724095432
390000.0,398007.8535099399,412431.91594110185,0.020532957717794658,0.05751773318231243
515000.0,490991.5396060842,511419.60854908836,0.046618369696923935,0.006952216409537173
550000.0,518449.9332942586,540193.7441087335,0.057363757646802536,0.017829556165939113
450000.0,433328.093926898,441292.4119381988,0.03704868016244895,0.019350195692891592
900000.0,733692.5451346247,843229.5789608059,0.1847860609615281,0.06307824559910456
605000.0,559594.175082546,562680.793715609,0.07505095027678353,0.06994910129651404
281000.0,265213.6155618737,302256.57703450456,0.056179304050271495,0.07564618161745396
672000.0,616258.6612041615,587170.7267500693,0.08294842082714067,0.12623403757430163
234300.0,222764.89658264176,234149.83932644958,0.049232195549971165,0.0006408906254819352
289000.0,331516.3006314124,323114.31353429786,0.14711522709831287,0.11804260738511371
622950.0,593849.718872016,587207.7843144528,0.046713670644488406,0.05737573751592778
416000.0,399802.3369806184,435229.12311562686,0.03893668995043649,0.046223853643333805
370000.0,376547.91568841774,369632.5966811397,0.01769706942815604,0.0009929819428656137
400000.0,421328.57250170107,426969.06745107955,0.05332143125425268,0.06742266862769887
895950.0,866303.3719044244,872580.4771315613,0.03308960108887283,0.026083512325954284
862000.0,713561.8729130448,774911.3982826557,0.17220200358115456,0.1010308604609562
805000.0,674738.6236614052,649633.214695666,0.16181537433365817,0.19300221776935902
272500.0,279528.0503186903,284407.86490698793,0.025791010343817644,0.043698586814634614
655000.0,639279.1833723603,669115.9546580445,0.02400124675975526,0.0215510758138084
315000.0,250476.94733872905,261722.6265837197,0.20483508781355858,0.16913451878184219
329999.0,300378.1349085033,311062.24744309095,0.08976046924838157,0.05738427254903515
225000.0,225829.16557423447,227381.73016602435,0.0036851803299309946,0.010585467404552684
845000.0,835856.4247464705,846977.3897984175,0.010820799116602928,0.002340106270316514
220000.0,218114.7495257123,226699.1306797319,0.008569320337671327,0.03045059399878135
559500.0,505845.29452882824,513179.4523869472,0.09589759691004783,0.08278918250769049
350000.0,342680.5609700753,343938.86297672114,0.020912682942641966,0.017317534352225317
500000.0,445940.1430457575,461504.25064592937,0.10811971390848502,0.07699149870814127
395000.0,618649.190099573,592410.525032839,0.5662004812647418,0.49977348109579506
277500.0,272809.20742534916,269567.61515332985,0.016903757025768795,0.028585170618631157
453000.0,324472.6068296504,299388.5688760012,0.28372492973587105,0.33909808195143215
310000.0,328619.25700173195,339867.59853006614,0.06006211936042565,0.09634709203247142
1255000.0,1156217.6257103032,1193946.5409787183,0.07871105521091379,0.048648174518949545
465000.0,385450.1741065313,398833.7335826226,0.1710748943945563,0.14229304605887613
1400000.0,1335374.1451883106,1232867.086824181,0.0461613248654924,0.11938065226844212
644000.0,658681.9170974124,696119.5223646177,0.022798007915236645,0.0809309353487852
530000.0,456376.718218,470883.88348077156,0.1389118524188679,0.11153984248911027
400000.0,443798.23319842224,438918.4011754353,0.10949558299605561,0.09729600293858821
899000.0,894377.9074789688,927639.215335402,0.005141370991135878,0.031856746757955565
330000.0,282758.9268824436,300800.6874650835,0.14315476702289817,0.08848276525732275
735000.0,668739.2569365934,686390.7261487616,0.09015067083456674,0.06613506646426996
550000.0,525321.8005946247,533217.9000296788,0.044869453464318705,0.030512909036947585
940000.0,914452.675187194,971576.8046757721,0.02717800512000636,0.03359234539975754
549950.0,492479.0296369952,502316.08297426027,0.10450217358488004,0.08661499595552274
583500.0,540938.8782258284,547876.2228388513,0.072941082732085,0.06105188887943226
240000.0,289216.52157968015,290936.2460959367,0.20506883991533395,0.21223435873306953
1120000.0,916210.5070327211,927975.4597547002,0.18195490443507048,0.17145048236187482
380000.0,377742.5769421789,398492.69199330686,0.005940586994266088,0.04866497892975489
300000.0,232018.41794378386,234244.8047379672,0.22660527352072046,0.21918398420677598
575000.0,610829.4905800994,615365.4062304101,0.062312157530607655,0.07020070648766973
654300.0,647879.1181503726,663158.0249029303,0.009813360613827541,0.013538170415604846
690000.0,583131.6435277835,592947.634718178,0.15488167604669065,0.14065560185771311
558000.0,577556.089621712,584218.6207253098,0.03504675559446593,0.046986775493386784
975000.0,1060177.7953302125,979051.2724851539,0.08736184136432046,0.004155151266824478
517500.0,451349.15410632663,474731.994763467,0.12782772153366834,0.08264348837977392
620000.0,540368.8880307599,562264.6790788558,0.12843727736974214,0.09312148535668421
680000.0,688817.526046749,711593.644009052,0.012966950068748487,0.046461241189782294
451000.0,462462.92380327627,447894.5625593769,0.025416682490634737,0.006885670600051268
650000.0,584902.7753892309,616905.9956311919,0.10014957632426011,0.05091385287508941
314200.0,288324.65485753544,316149.0057383336,0.08235310357245246,0.00620307364205482
510000.0,472813.570926889,422107.89776035276,0.07291456681002152,0.17233745537185732
698000.0,588482.6923322664,570285.8043062349,0.15690158691652384,0.18297162706843134
957500.0,1035503.0687906805,966892.0591773285,0.08146534599548877,0.009808939088593717
557800.0,630317.5304625612,665827.5159411591,0.13000632926239006,0.19366711355532287
377000.0,392207.55687525286,388302.4594572843,0.04033834714921184,0.029979998560435824
315000.0,253237.45772890575,283442.2888111916,0.19607156276537857,0.1001832101232012
500000.0,556596.3373562268,552972.0552903689,0.1131926747124535,0.1059441105807377
340000.0,295540.68515888666,293375.6542063923,0.1307626907091569,0.13713042880472853
560000.0,488540.9521306798,494398.0224526586,0.12760544262378606,0.11714638847739531
624950.0,614620.7854703763,628180.2004841475,0.0165280654926374,0.005168734273377915
142500.0,137549.4950502711,170694.33853616042,0.034740385612132635,0.19785500727130118
449000.0,382981.8217552722,375467.2583678315,0.14703380455395942,0.163770025906834
549950.0,623595.2239303619,638592.8741560295,0.13391258101711412,0.1611835151487036
628000.0,568744.1696350619,571126.3156997825,0.09435641777856389,0.09056319156085596
280000.0,222796.51128565514,226468.39180013773,0.20429817397980307,0.1911843149995081
365000.0,354496.3242216426,364491.7995656455,0.028777193913308022,0.0013923299571355703
465000.0,425206.40476716205,388724.89996374445,0.08557762415664075,0.1640324731962485
360000.0,329997.4895448112,336429.5708172391,0.08334030681996892,0.065473414396558
286000.0,221974.71212607322,240895.92502342933,0.2238646429158279,0.15770655586213522
415000.0,427156.6246357688,441975.47174894216,0.029293071411491137,0.06500113674443894
372000.0,339068.7189310449,363565.8197948935,0.08852494911009431,0.022672527433081995
475000.0,366947.3897480464,357476.8927629728,0.22747917947779703,0.24741706786742568
576000.0,547224.9658299611,536922.5842535137,0.04995665654520639,0.06784273567098313
199950.0,210373.19682562444,225065.98745038922,0.05212901638221777,0.12561134008696784
324500.0,313782.2477510898,321098.0874987646,0.03302851232329799,0.010483551621680666
405000.0,600901.4580968353,604500.6349472568,0.4837073039428032,0.49259416036359693
730000.0,721323.3207363074,744755.3068651882,0.011885862005058331,0.020212749130394763
410000.0,389493.6246752853,395527.94524852943,0.050015549572474866,0.03529769451578187
289571.0,306635.5411512805,314900.06977519207,0.05893042173173597,0.0874710166943239
197400.0,248739.5982856135,253552.6154592014,0.2600790186707877,0.28446107122189157
650000.0,557276.359590005,585144.7412141612,0.14265175447691536,0.09977732120898283
287000.0,298349.66151675535,296151.6461157432,0.039545858943398446,0.03188726869596936
370350.0,392843.29574752576,358148.97049191827,0.06073523895646215,0.03294459162436001
585000.0,472169.62164536846,491730.5393488133,0.19287244163184877,0.15943497547211402
430000.0,435610.66660296946,428169.1405044107,0.013048061867370838,0.004257812780440178
505000.0,468029.5049446518,498546.3714139781,0.07320890109969942,0.012779462546578005
450000.0,430067.6869812845,420906.2298470115,0.04429402893047883,0.06465282256219665
625000.0,597554.0710841288,603034.2051786302,0.0439134862653939,0.0351452717141917
802945.0,762240.4515996566,729970.4039216044,0.0506940679627414,0.09088367955264136
715000.0,715268.7526005931,716443.5197691594,0.00037587776306733305,0.0020189087680550746
1027500.0,786436.3444463321,747249.8116266476,0.23461183022254786,0.27274957505922376
710000.0,622238.0801572732,604589.5419744926,0.12360833780665745,0.1484654338387428
402723.0,342031.99783140235,356422.57436199614,0.15070160425055845,0.11496841659901187
615000.0,507290.17305728054,555495.0931279882,0.17513792998816172,0.09675594613335259
375000.0,499053.93023743824,501830.22202309244,0.33081048063316865,0.3382139253949132
1037000.0,1095321.0458534113,1115238.6784076034,0.05624015993578719,0.07544713443356163
340000.0,312404.8744861252,340303.23645813874,0.08116213386433767,0.0008918719357021687
986000.0,795660.5553203097,788169.2705226657,0.19304203314370214,0.20063968506829036
417000.0,521957.4259019119,479365.60848671943,0.2516964649925945,0.14955781411683317
825000.0,781615.1541356998,840717.5249574826,0.05258769195672745,0.019051545403009195
920000.0,706703.1748684683,700615.4664077405,0.23184437514296924,0.23846144955680382
760000.0,775920.4503255336,860892.7526431298,0.020947960954649514,0.13275362189885498
480000.0,555215.7675600387,516402.7735002636,0.15669951575008065,0.07583911145888245
981000.0,816045.9701667703,826968.0637612274,0.16814885813784886,0.15701522552372332
422250.0,480125.953034066,487929.28799678065,0.13706560813277918,0.15554597512559065
1210000.0,1085217.448000251,1184840.214159986,0.10312607603285034,0.020793211438028095
385000.0,268572.837572613,273875.09778138687,0.30240821409710916,0.28863610965873543
319950.0,303973.04719126376,307667.49076919886,0.04993577999292465,0.03838883960244144
980000.0,820586.7097268375,767910.5182040033,0.16266662272771687,0.21641783856734353
525000.0,519615.1009762733,525242.9425454467,0.010256950521384188,0.00046274770561273074
209950.0,159492.12884713087,193207.6436982666,0.24033279901342766,0.07974449298277404
729999.0,828161.4293117488,827801.1671879392,0.13446926545344423,0.13397575501875916
425000.0,480840.43982611643,502094.2745108934,0.1313892701790975,0.18139829296680798
299999.0,327365.67309131916,333885.9001518419,0.09122254771288957,0.11295671036184095
239950.0,265965.0281994408,267168.4456094033,0.10841853802642551,0.11343382208544825
305000.0,242948.05535947927,250114.52313930192,0.20344899882137943,0.17995238314982978
255000.0,221708.45490667707,223583.7168889165,0.13055507879734482,0.12320111023954312
425000.0,378059.23191685486,375766.5220139079,0.11044886607798857,0.11584347761433435
894400.0,842531.7570011162,826615.9029903379,0.05799222159982539,0.07578722832028408
229950.0,204152.2962507322,194463.66455026597,0.11218831810944897,0.15432196325172443
740000.0,897936.0896686735,857214.639139802,0.21342714820091008,0.1583981609997324
539000.0,496177.4182355345,530864.5782462556,0.0794482036446484,0.015093546852958
397500.0,410527.8971996687,372772.1961265904,0.032774584150109906,0.06220831163121906
445000.0,422965.2037134577,434022.35039732757,0.0495163961495333,0.02466887551162345
899000.0,872116.4723055919,869993.5741888729,0.02990381278577095,0.03226521224819473
625500.0,492812.206747769,492999.6643888203,0.21213076459189603,0.21183107212019137
308000.0,353671.58477717906,358530.61914193037,0.14828436615967228,0.16406045175951417
176250.0,215947.74755625712,216024.67271792778,0.22523544712769997,0.22567190194568953
259000.0,298487.970987256,292342.244579223,0.15246320844500377,0.128734535054915
308950.0,291865.116909054,291238.09564892174,0.055299831982346684,0.057329355400803576
925000.0,800683.807922652,795814.3300962062,0.13439588332686273,0.13966018367977712
425000.0,368040.4883165455,382754.59340351564,0.13402238043165765,0.09940095669761026
568000.0,586661.1131140329,581424.4827722369,0.03285407238386073,0.023634652768022752
1385000.0,1012126.6522755014,949687.7519086879,0.26922263373610006,0.3143048722680954
402500.0,306473.55758496793,324298.0230521152,0.2385750122112598,0.1942906259574777
500000.0,515343.50827843917,486438.0694936289,0.030687016556878343,0.027123861012742157
454950.0,372929.24408024317,365193.8844686619,0.18028520918728835,0.19728786796645364
545000.0,544439.933092998,553849.1694074912,0.0010276457009211165,0.01623700808713986
352500.0,281327.04004353686,287916.9756815218,0.2019091062594699,0.18321425338575373
735000.0,625158.942326626,658130.2005290627,0.14944361588214145,0.10458476118494876
450500.0,500166.84891337075,491674.1320638989,0.11024827727718257,0.09139651956470343
450000.0,515366.88214122824,524854.234420467,0.14525973809161832,0.16634274315659345
2575000.0,2177874.240476857,2165957.6607942213,0.15422359593131768,0.15885139386632183
467000.0,437107.8954303707,435512.611417016,0.06400878922832827,0.0674248149528565
505000.0,364504.2514925261,344427.87289996917,0.27820940298509683,0.31796460811887295
1605000.0,1494051.4812760002,1469939.0935635283,0.06912680294330209,0.08415009746820669
522000.0,457719.51225978334,448406.64288637287,0.12314269682033843,0.14098344274641214
249000.0,232218.97996471587,242753.49477982428,0.06739365476017725,0.02508636634608723
330000.0,559698.6221227078,526506.2771204517,0.696056430674872,0.5954735670316718
498000.0,493792.6288793491,503155.1486090974,0.008448536386849203,0.010351704034332143
515000.0,472433.65853493084,460965.1860742305,0.08265309022343525,0.10492196878790189
308000.0,316254.5375248746,317441.8271899192,0.02680044650933316,0.030655283084153214
650000.0,654918.897097242,664777.7381793412,0.007567533995756844,0.022734981814371065
461000.0,413245.27381356806,407628.1717713713,0.10358942773629488,0.1157740308647044
237000.0,203522.40502576283,207540.4227955257,0.14125567499678132,0.12430201352098863
820000.0,949874.4191767275,929072.6336725968,0.15838343802039942,0.13301540691780095
454200.0,480687.2849192246,476802.96867171716,0.05831634724620128,0.049764351985286566
427500.0,415563.76315428887,423659.0593041106,0.027921021861312584,0.00898465659857172
496000.0,362570.66322261246,382151.7209487407,0.2690107596318297,0.22953282066786143
330000.0,339083.4877293567,329190.2698204792,0.027525720391989947,0.0024537278167296654
350000.0,339563.5089410583,341457.5861091631,0.029818545882690565,0.024406896830962505
455000.0,438110.9353403812,444888.3967720771,0.037118823427733566,0.022223303797632803
725000.0,730634.5734485735,711320.3285598665,0.007771825446308237,0.018868512331218588
603000.0,454456.1583044441,466257.94537315075,0.24634136267919718,0.22676957649560406
650100.0,557309.2089839564,514631.2079140996,0.14273310416250365,0.2083814675986777
499990.0,489727.4709274877,495227.6792382441,0.02052546865439767,0.00952483202015225
500000.0,596212.6146106604,594939.5571464321,0.19242522922132071,0.18987911429286422
352000.0,325831.69955216313,340526.679239855,0.07434176263590019,0.03259466125041201
885000.0,830468.8790601641,767913.6935315023,0.06161708580772419,0.13230091126383925
299900.0,317475.9718564647,326485.67639811087,0.058606108224290396,0.08864847081730866
380000.0,441251.5807088516,406829.7172336967,0.1611883702864515,0.070604519036044
505000.0,550288.2268240125,559963.6189966714,0.08967965707725241,0.10883884949835922
479000.0,472021.9555586418,471364.19354635075,0.014567942466301016,0.01594114082181471
850000.0,768600.5969607413,743033.9993207033,0.09576400357559844,0.12584235374034902
280000.0,245760.71930047238,262703.7523774375,0.12228314535545579,0.06177231293772326
246600.0,219674.8351034262,218562.79483961262,0.10918558352219714,0.11369507364309564
432100.0,473810.0061712272,478503.05313276843,0.09652859562885258,0.10738961613693226
500000.0,456525.3284596704,472547.7140531968,0.08694934308065916,0.05490457189360645
312500.0,356719.7973243369,357639.459508373,0.14150335143787804,0.1444462704267936
600000.0,587715.1762255481,565546.5916623167,0.020474706290753094,0.05742234722947217
207000.0,184147.34775567264,192234.6559256951,0.11039928620447999,0.07133016461016867
407500.0,409509.33104064903,413478.84245720244,0.0049308737193841335,0.014672006029944633
925000.0,863480.7392381604,893847.189503644,0.06650730893171845,0.033678714050114585
265000.0,329549.9911690595,335798.79012357496,0.24358487233607348,0.2671652457493395
285750.0,318720.89211323997,341758.3265734769,0.11538369943391065,0.19600464242686577
746500.0,765709.5106344682,780644.2430408591,0.025732767092388708,0.045739106551720185
720000.0,589487.8330735263,611482.2684397808,0.1812668985089913,0.15071907161141554
375000.0,324175.713008148,328587.6672622896,0.13553143197827197,0.12376622063389436
280000.0,424447.4262704858,365627.8371600046,0.515883665251735,0.30581370414287357
699000.0,831774.5306001924,814224.5120684225,0.18994925693875875,0.1648419342895887
341000.0,359827.2727787448,358437.5386707132,0.055211943632682725,0.05113647704021466
720000.0,812858.337908861,798051.8029869999,0.12896991376230693,0.1084052819263887
575000.0,544797.7087865337,521919.498435921,0.05252572384950664,0.0923139157636157
419000.0,387739.7924339101,398822.75825311063,0.07460670063505949,0.048155708226466275
975000.0,937875.5230036995,1006564.3210952203,0.038076386662872316,0.03237366266176439
242000.0,244728.91373035335,246548.4739105184,0.01127650301798905,0.018795346737679332
675000.0,620823.1180023357,612254.0666457046,0.08026204740394717,0.09295693830265991
950000.0,738219.7050397124,762717.5995645262,0.222926626273987,0.19713936887944608
615000.0,493601.12027108035,511138.9849877534,0.1973965524047474,0.16887969920690507
415000.0,384119.2289433927,396584.59848546813,0.07441149652194531,0.04437446148079969
285950.0,217765.84002521326,209320.72080502595,0.23844784044338782,0.26798139253356895
493000.0,493009.9324084912,495260.750901773,2.0146873207317956e-05,0.004585701626314381
399000.0,413103.3579378292,426532.82864251337,0.03534676174894541,0.06900458306394329
320000.0,312554.0301242386,318100.2641013595,0.02326865586175445,0.0059366746832514765
555000.0,553190.7582173278,567934.7244609785,0.0032598951039139418,0.023305809839600948
893880.0,666169.0183985644,651994.5303138383,0.25474446413549423,0.2706017247126703
250000.0,214211.72189162168,228474.0003535145,0.14315311243351328,0.08610399858594196
390000.0,333204.8596861685,292801.1765848219,0.14562856490726028,0.24922775234661054
1075000.0,1103042.2837964683,1120220.2764553197,0.02608584539206352,0.042065373446809044
385000.0,375621.1251701033,383840.964176822,0.024360713843887598,0.0030104826576052256
179000.0,165493.95510763332,185156.83229696102,0.07545276476182505,0.03439571115620679
630000.0,563295.8097537194,522466.7517545305,0.1058796670575883,0.1706876956277294
781000.0,712400.0075394027,728757.5343372673,0.08783609790089283,0.0668917614119497
480000.0,427495.8965822801,485694.24352306424,0.10938354878691643,0.011863007339717175
517100.0,403866.28174580267,411665.23825521703,0.21897837604756784,0.20389627102065938
650000.0,546937.5089641757,503424.46422325826,0.15855767851665276,0.22550082427191037
683000.0,737502.6752362624,755398.3576837857,0.07979893885250715,0.10600052369514748
468000.0,469786.02478982665,486388.0277964596,0.0038162922859543875,0.03929065768474277
139950.0,160134.73214290047,179899.60247562703,0.14422816822365464,0.28545625205878555
1050000.0,1033973.7198766608,1027700.1575100415,0.015263123926989667,0.021237945228531913
235000.0,205773.4251174776,204413.43025134798,0.12436840375541447,0.13015561595171074
885000.0,797058.0453977479,805277.754839153,0.09936944022853346,0.09008163295010957
574000.0,435637.3994939241,451750.0946428389,0.24104982666563743,0.2129789291936604
426000.0,454928.31036718877,445568.6910669309,0.06790683184786095,0.04593589452331194
840000.0,722136.543951808,736173.5624008987,0.1403136381526095,0.12360290190369207
650000.0,684570.86164577,674425.0678899885,0.053185940993492345,0.03757702752305929
5350000.0,4262309.905625338,3710930.37311483,0.20330655969619854,0.3063681545579757
179950.0,188984.20422320976,195842.79933044827,0.05020396900922345,0.08831786235314402
660000.0,590241.169322886,618119.4269145415,0.10569519799562721,0.06345541376584618
1640000.0,1281910.7873940566,1204591.5800843264,0.21834708085728258,0.26549293897297166
571000.0,524233.1247414891,501128.1528448752,0.08190345929686668,0.12236750815258288
602500.0,594593.276911678,575277.6584782654,0.013123191847837301,0.0451823095796425
420000.0,478381.68022456556,491426.19681420823,0.1390040005346799,0.17006237336716246
600000.0,645709.3977844684,679954.3818937589,0.07618232964078062,0.13325730315626483
250000.0,227212.26632468175,238416.7571697343,0.09115093470127299,0.04633297132106277
505000.0,456307.446230442,466058.78628722054,0.09642089855358026,0.0771113142827316
655000.0,552223.9810541144,712594.49600516,0.1569099525891383,0.08793052825215272
425000.0,415548.7448325037,423517.2234365196,0.02223824745293241,0.003488886031718541
306000.0,299607.9674945574,296390.18305459444,0.020888995115825558,0.031404630540541045
350000.0,391164.9792614548,391439.59756041365,0.11761422646129936,0.11839885017261043
477000.0,501634.04109367204,503968.6259891023,0.05164369202027682,0.056537999977153655
1150000.0,869943.1395045421,783159.7715601723,0.24352770477865904,0.31899150299115453
715000.0,740065.6705607811,757895.137046333,0.035056881903190416,0.05999319866620007
625000.0,814274.0981683196,888797.3897845385,0.3028385570693113,0.42207582365526164
350000.0,338554.65813729714,342813.9144126449,0.0327009767505796,0.020531673106728786
347500.0,250527.9764107459,251872.1956047063,0.27905618299065926,0.2751879263173919
435000.0,347963.8770366882,344317.52443930117,0.20008304129496962,0.2084654610590778
359900.0,374713.6982126456,381243.35432329326,0.04116059520046012,0.059303568555969036
275000.0,283848.90990461933,289755.26787806704,0.03217785419861574,0.05365551955660742
351000.0,336310.85697309964,326327.3343502953,0.04184941033304946,0.0702924947285034
650000.0,704038.3621955715,717234.634492889,0.08313594183934082,0.10343789921982931
405000.0,438619.6181948631,436367.7363305359,0.08301140295027921,0.07745120081613803
580000.0,561593.1263325388,583405.5292814936,0.03173598908182968,0.005871602209471768
392500.0,342807.7895215752,326015.08441304707,0.12660435790681476,0.16938831996675907
700000.0,642772.1742730893,652452.3002587262,0.08175403675272962,0.06792528534467682
440000.0,418168.12290390744,425098.69141032593,0.049617902491119456,0.03386661043107742
357500.0,331773.7431752406,329983.6408591766,0.0719615575517746,0.07696883675754802
360000.0,549945.4464593178,485827.5648307614,0.5276262401647717,0.34952101341878167
440000.0,396874.15069154534,406824.6120842971,0.09801329388285152,0.07539860889932475
660000.0,772854.6054765084,812880.2990269044,0.17099182647955816,0.23163681670743091
950000.0,917958.7591759262,929234.7961889158,0.033727621920077666,0.021858109274825423
338000.0,276733.0068521261,269518.4856565722,0.18126329333690502,0.20260803060185736
462500.0,511737.2562526471,441516.63604142284,0.10645893243815586,0.045369435586112776
339950.0,330152.5256273772,329635.06391903834,0.028820339381152492,0.030342509430685873
340000.0,350464.66865972884,381185.33579473384,0.030778437234496574,0.12113334057274658
700000.0,675067.2678394108,588108.9787707356,0.0356181888008417,0.15984431604180635
700000.0,649013.8171266681,697183.0899126997,0.07283740410475992,0.004024157267571926
705000.0,665927.9134891499,667649.9945192167,0.05542139930617038,0.05297873117841602
460000.0,515318.6748404446,531102.0264345265,0.12025798878357517,0.15456962268375335
380000.0,345610.1942484202,331847.57462943543,0.09049948881994688,0.12671690886990675
396000.0,422316.2706898707,399954.2311505617,0.06645522901482499,0.009985432198388159
585000.0,613404.2296453315,618313.1757086655,0.04855423870996839,0.05694559950199233
580000.0,627060.3078856778,631411.2111561086,0.08113846187185825,0.08864001923467009
372000.0,365052.3709799297,362114.8517659871,0.018676422096963192,0.026572979123690554
456000.0,486812.5301829324,504402.83351076796,0.06757133812046576,0.1061465647165964
485000.0,473995.9997829171,463690.99015548674,0.022688660241408063,0.04393610277219229
292000.0,270661.32690741896,282014.9055104181,0.07307764757733233,0.03419552907391056
340000.0,338873.27165911254,337716.6775394089,0.003313906884963131,0.0067156542958561605
395000.0,383798.7176809932,384428.2648259809,0.028357676756979245,0.026763886516504107
418500.0,482449.36962111865,516266.01946018205,0.15280614007435758,0.23361056023938365
475000.0,450801.9906423066,445930.210435246,0.05094317759514394,0.06119955697842947
875909.0,796641.634850675,813231.7517941272,0.09049726073065238,0.07155680351026515
567500.0,539968.843635006,551905.9017483793,0.04851305086342556,0.027478587227525386
5300000.0,4233169.204513811,3543584.8961392418,0.20128882933701686,0.3313990762001431
422000.0,451819.0716034616,463088.87505366065,0.07066130711720753,0.09736700249682619
669000.0,581613.8067182032,589238.5933175106,0.13062211252884418,0.1192248231427346
500000.0,501362.086183176,506318.50052165857,0.0027241723663520533,0.012637001043317142
1249000.0,971449.6567931824,1013832.1196747676,0.22221804900465783,0.1882849322059507
660000.0,597263.7902769478,617455.1011302503,0.09505486321674579,0.0644619679844693
260000.0,300816.67757070024,288764.1701972221,0.15698722142577015,0.11063142383546958
485000.0,423070.8056630386,414581.80775474344,0.12768906048858014,0.1451921489592919
291500.0,236585.96395393665,241791.86569487993,0.18838434321119504,0.17052533209303625
216500.0,181096.84413556426,200936.81916968868,0.16352496935074246,0.07188536180282365
245000.0,221090.9829247595,239056.57753443433,0.09758782479689998,0.024258867206390502
765000.0,743798.0437943393,762958.6402286119,0.027714975432236222,0.002668444145605382
350000.0,351809.43945466954,373897.35364413797,0.005169827013341543,0.06827815326896562
471000.0,453953.57131819386,455996.9045190327,0.03619199295500242,0.0318537059043892
278000.0,254156.25485484392,266528.3117525517,0.08576886742861899,0.04126506563830323
462550.0,429519.35813090473,420502.31358097575,0.07140988405382179,0.0909040891125808
652100.0,642722.8383264536,651747.2000337926,0.014379944293124397,0.000541021263927858
470000.0,521253.87084347825,536430.2288966752,0.10905078902867713,0.1413409125461174
287000.0,259820.25286460394,257677.00611666555,0.09470295169127546,0.10217071039489355
950000.0,761475.6077292939,755185.5161861794,0.19844672870600646,0.20506787769875856
540000.0,548373.1905045755,617271.805282865,0.015505908341806476,0.14309593570900916
267000.0,246434.41625902927,244512.30661089724,0.07702465820588289,0.08422357074570322
250000.0,239532.1375155734,242515.23890736594,0.04187144993770635,0.029939044370536228
490000.0,438844.8064259467,449556.49223368516,0.10439835423276182,0.08253777095166294
640000.0,667302.74926083,656532.382173522,0.042660545720046864,0.025831847146128167
950000.0,928596.1412853778,888220.7392499495,0.022530377594339172,0.06503080078952689
269000.0,253817.3213484764,258977.2937999996,0.056441184578154655,0.03725913085502005
260000.0,253969.31145694127,256742.27281379636,0.023194955934841263,0.01252971994693709
470500.0,438216.12583844207,423891.0439755145,0.06861609811170656,0.09906260579061747
370000.0,315211.2590296511,317901.1500114825,0.14807767829824023,0.14080770267166898
600000.0,588443.9450026796,588841.0287619929,0.019260091662200673,0.01859828539667845
300000.0,232843.377908254,250540.6056917076,0.22385540697248663,0.16486464769430798
231000.0,210276.5050116835,223301.25316591765,0.08971209951652162,0.033327908372650886
212000.0,195467.7138901279,199508.30628358482,0.07798248165034011,0.05892308356799611
752000.0,783854.1747853897,858054.73760658,0.04235927498057138,0.1410302361789628
1705000.0,1701444.0370651465,1867290.8963315373,0.0020856087594448734,0.09518527644078432
750000.0,662821.599228381,676373.1915077996,0.11623786769549208,0.0981690779896006
685000.0,718721.7761716933,724913.7406820203,0.04922887032363992,0.05826823457229244
274000.0,270125.8752760794,262849.92297174153,0.014139141328177366,0.04069371178196522
700000.0,592528.439539692,589382.3814456863,0.15353080065758284,0.15802516936330524
449950.0,400257.9846991699,400708.44674199005,0.11043897166536311,0.109437833665985
336000.0,298721.08886909013,317665.0061362592,0.11094914027056507,0.05456843411827625
244000.0,228757.37491872022,254686.56360417843,0.06246977492327779,0.0437973918204034
435000.0,450184.98273123906,438076.4687842268,0.03490800627871047,0.007072342032705295
765000.0,756869.254796607,703251.0469849012,0.01062842510247457,0.08071758564065204
430000.0,533661.0089423918,527473.0117839881,0.2410721138195159,0.2266814227534607
259000.0,241743.44318964984,248560.26776204945,0.06662763247239444,0.04030784647857355
310000.0,297973.48792783625,288519.6778570001,0.03879520023278629,0.06929136175161262
260000.0,393441.06195460353,401814.58558197715,0.5132348536715521,0.5454407137768352
450000.0,758374.597117277,745776.8229428376,0.6852768824828377,0.6572818287618614
643000.0,631626.3954759523,629102.7992797409,0.01768834296119393,0.021613064883762217
1810000.0,1222984.433949569,1156114.247696465,0.3243179922930558,0.3612628465765386
255544.0,299735.4207362164,320831.2183364269,0.17293077018523784,0.2554832762124209
754999.0,760946.1139514619,780565.5871919341,0.007876982554231006,0.033863074245044186
803000.0,764346.0092680426,788864.4566377895,0.04813697475959822,0.01760341639129577
310000.0,371032.0572180906,362268.792899389,0.19687760392932444,0.1686090093528677
275000.0,236433.3202079458,245752.75514976008,0.14024247197110618,0.10635361763723607
350000.0,322154.1767467462,332489.86078447395,0.07955949500929664,0.0500289691872173
348000.0,413503.55635480466,403623.0662898178,0.18822861021495593,0.1598363973845339
485000.0,405063.1068703005,421100.62405348034,0.1648183363498959,0.13175129061138074
389000.0,411862.6567820712,415650.01797118696,0.05877289661200828,0.06850904362772997
204000.0,220665.87292785494,216166.04767407948,0.08169545552870071,0.059637488598428844
420000.0,425988.6409684471,430860.49301774893,0.01425866897249306,0.02585831670892602
1085000.0,1047688.944337627,1140122.2789009842,0.034388069734905956,0.05080394368754305
280005.0,226471.53311548955,226907.31122251358,0.19118753909576774,0.18963121650501388
380000.0,406500.6246400073,392655.6778906137,0.06973848589475613,0.033304415501614934
525000.0,519590.8448535255,515893.40455081797,0.010303152659951399,0.017345896093680056
296000.0,328186.88947854226,338534.21073184535,0.10873949148156169,0.1436966578778559
220000.0,348342.0601471477,352281.554964192,0.5833730006688531,0.6012797952917818
675000.0,658574.2182950191,656123.6766370567,0.02433449141478649,0.027964923500656668
564000.0,611045.0618534333,654834.1760605411,0.0834132302365838,0.16105350365344162
579950.0,510530.36158017174,515099.97238860186,0.11969935066786493,0.11182003209138398
375000.0,333310.6705100065,340166.19705632597,0.11117154530664937,0.09289014118313076
405000.0,372944.1203528653,395528.85825056897,0.07915032011638194,0.02338553518378032
515000.0,649405.6009041172,652899.7152575584,0.260981749328383,0.26776643739331724
1247000.0,923558.7278507147,1067926.0041534042,0.2593755189649441,0.14360384590745456
627500.0,683708.2511359937,686797.5767194913,0.08957490220875498,0.09449813023026499
553000.0,508709.08941438945,508749.77490594477,0.08009206254179121,0.08001849022433134
510000.0,498727.12409783155,479170.2670284668,0.022103678239545985,0.060450456806927844
412000.0,422684.84427659155,439707.5917502324,0.025934088049979497,0.0672514362869718
330000.0,341466.40786894696,345890.298849065,0.034746690511960485,0.048152420754742346
580000.0,573260.3607503218,569899.8247933845,0.011620067671859026,0.01741409518381978
529100.0,506953.62250390655,497992.8482210932,0.04185669532431195,0.058792575654709536
459950.0,401557.91946815536,419924.2846050274,0.12695310475452687,0.08702188367207868
382000.0,416481.89222469466,434153.99825611257,0.0902667335724991,0.13652879124636796
459000.0,440472.1134178119,476032.2339315986,0.04036576597426596,0.03710726346753508
382500.0,397505.3575729384,413333.00451565825,0.03922969300114607,0.08060916213243986
889000.0,939496.0871618993,941991.3626430793,0.056800997932395174,0.05960783199446485
399950.0,379233.59645046544,386335.2877432377,0.05179748355928131,0.03404103577137721
175000.0,209429.0820077557,225606.8324909632,0.1967376114728897,0.2891818999483611
278000.0,235702.08875985048,247369.27294415626,0.15215075985665297,0.11018247142389836
700000.0,785307.8561718506,781451.3894908627,0.12186836595978655,0.11635912784408961
575000.0,547615.7615080285,589097.3492767873,0.04762476259473306,0.02451712917702131
325000.0,325647.15473456547,336459.602734552,0.0019912453371245197,0.03526031610631384
678000.0,592452.7196766892,618236.6763725601,0.12617592968039934,0.08814649502572258
1370000.0,930818.34172514,1015676.3152328798,0.3205705534852993,0.25863042683731396
998000.0,908929.2359905797,987710.2322971482,0.08924926253448927,0.010310388479811416
1249000.0,1205956.3215900427,1209649.165868907,0.034462512738156384,0.03150587200247638
615000.0,523663.1157765716,535054.5117218309,0.14851525889988354,0.12999266386694158
527700.0,412449.66899923474,406745.7623323316,0.21840123365693626,0.22921022866717525
380000.0,297904.7641365209,299694.65153069544,0.21604009437757654,0.21132986439290674
270000.0,228723.19080810237,239513.76411432604,0.15287707108110232,0.1129119847617554
840000.0,724162.8750968135,767815.5998904416,0.13790133917046007,0.08593380965423615
505000.0,351315.73325517663,371455.91554552154,0.30432528068281856,0.26444373159302664
380000.0,326299.8132847332,328374.0210935186,0.14131628082964942,0.13585783922758266
470000.0,388037.2914242622,368730.71054702357,0.1743887416505059,0.21546657330420518
217000.0,158639.88367241758,173897.188379886,0.26894062823770704,0.1986304682954562
865000.0,814200.5360809106,842922.7998978259,0.05872770395270452,0.025522774684594303
605000.0,582442.8275063033,568422.6349348399,0.03728458263420938,0.060458454653157176
378510.0,308021.60916601616,312950.47897161375,0.18622596717123416,0.17320419811467663
435000.0,390657.99769761733,386686.18217984715,0.10193563747674175,0.11106624786242035
320000.0,291322.19328991877,295917.07250459405,0.08961814596900386,0.0752591484231436
350000.0,465684.550520978,445662.20644928236,0.3305272872027943,0.27332058985509244
439000.0,529063.6931852462,557631.7342526147,0.20515647650397767,0.27023174089433866
530000.0,443693.48965453997,441784.5470329018,0.16284247234992458,0.1664442508813174
615000.0,573446.356214052,554278.3637139671,0.06756690046495618,0.09873436794476886
325000.0,273040.67080985365,270231.1539605491,0.15987485904660417,0.16851952627523353
525000.0,319495.13191731286,359507.32610977395,0.39143784396702314,0.31522414074328775
245000.0,177085.92892903145,191159.75692502543,0.27720029008558594,0.21975609418356967
935000.0,1061710.444736818,1099376.1147572242,0.135519192231891,0.1758033312911489
700000.0,644271.7144495915,707382.0613726552,0.07961183650058362,0.010545801960936015
468000.0,448886.804688685,441463.58693564363,0.040840160921613265,0.05670173731700079
295000.0,256611.0333685438,257919.93205645,0.13013209027612269,0.12569514557135594
360000.0,361191.489187853,371872.9482311755,0.003309692188480565,0.03298041175326523
528000.0,568715.33969075,590860.2875793558,0.07711238577793561,0.11905357496090106
260000.0,300135.0838155119,296504.6606568879,0.15436570698273808,0.14040254098803046
500000.0,415627.92070919473,422155.5661990621,0.16874415858161054,0.1556888676018758
1060000.0,1051186.2247325976,1065673.25058601,0.00831488232773812,0.005352123194349104
570000.0,549804.1458748213,498329.5324384833,0.03543132302662921,0.12573766238862574
1700000.0,1547868.3971586744,1322337.1537497262,0.08948917814195621,0.2221546154413375
550000.0,559040.6353442959,551100.11434516,0.016437518807810688,0.002000207900290843
499000.0,473155.7195262123,484127.33615491947,0.05179214523805148,0.02980493756529165
1062000.0,890777.5904927551,889382.3354921497,0.1612263743006073,0.16254017373620555
1900000.0,1744464.2206740633,1612809.9473718586,0.0818609364873351,0.15115265927796914
420000.0,384111.1367994624,362646.4708279887,0.08544967428699435,0.13655602183812215
550000.0,558054.459148383,548999.9007167128,0.014644471178878184,0.0018183623332494276
515000.0,502126.7796177746,487563.4524744818,0.024996544431505646,0.053274849564113054
1940000.0,1856483.6529836548,1777714.263638402,0.043049663410487236,0.08365244142350407
520500.0,401290.36943040893,414983.8227816132,0.22902906929796554,0.2027208015723089
229500.0,284882.4775628588,292310.1732519292,0.2413179850233498,0.273682672121696
329950.0,218180.46526221215,221735.74809439713,0.3387468850970991,0.327971668148516
552775.0,604472.1082334737,594763.7228258173,0.09352287681873046,0.07595988028730911
535000.0,455850.73703319865,465600.29705865873,0.14794254760149786,0.12971907091839488
2795000.0,1914953.941861082,1926835.53944227,0.3148644215166075,0.3106134027040179
664000.0,437713.78426171053,448606.8957247391,0.3407924935817612,0.32438720523382664
422500.0,343155.7939491145,337703.92956323293,0.18779693739854555,0.20070075843021792
320000.0,253587.09343961228,265843.49908158137,0.20754033300121164,0.16923906537005823
667500.0,657192.1878996439,654292.6329040109,0.015442415131619619,0.019786317746800088
730000.0,694236.0542318253,686409.7309030577,0.048991706531746185,0.059712697393071605
785000.0,822585.7786012393,809930.2703025448,0.04787997274043225,0.03175830611789148
580000.0,506878.02228825836,538573.5255281412,0.1260723753650718,0.07142495598596348
325000.0,310475.7925409787,301057.705786003,0.04468986910468093,0.07366859758152931
740000.0,472743.65467690286,455910.5977866566,0.3611572234095907,0.3839045975855992
343000.0,314465.7057299601,335449.92116379633,0.08319036230332329,0.02201189165073956
415000.0,386956.3314914525,408244.02745925385,0.06757510483987343,0.016279451905412416
302000.0,255851.37076970932,275266.8058049071,0.15281003056387643,0.08852051057977778
325000.0,337504.4862663223,387644.0321841931,0.038475342357914825,0.19275086825905566
402000.0,333575.23243876896,340364.48040751356,0.17021086458017673,0.15332218804101105
189950.0,186632.57350834552,215897.12417751126,0.01746473541276377,0.13659975876552385
425000.0,319095.8968414823,350653.8820277791,0.24918612507886514,0.17493204228757853
251000.0,236671.33307620542,245718.96435612877,0.05708632240555608,0.021039982644905312
240000.0,294155.66995973804,293598.21836056316,0.22564862483224182,0.22332590983567982
272000.0,256025.8895967814,260544.14123681618,0.058728347070656606,0.04211712780582286
305000.0,266179.05362682097,273897.5425263776,0.12728179138747223,0.10197527040531935
937500.0,1090664.5601227675,1108524.2794130845,0.16337553079761863,0.18242589804062348
325000.0,328043.9798949412,343207.37088719534,0.009366091984434484,0.05602267965290875
320000.0,323029.40945954196,327634.3026408171,0.009466904561068622,0.023857195752553524
421000.0,325669.41105307505,340355.20297345845,0.2264384535556412,0.19155533735520558
500000.0,526959.9863269366,582744.203870509,0.053919972653873265,0.1654884077410181
949000.0,1059049.5022087314,1039490.5736912976,0.11596364827052831,0.09535360768313757
646800.0,590929.3593269174,609993.9130259994,0.08638008762072133,0.05690489637291366
265000.0,217788.498367797,229804.78292463697,0.1781566099328415,0.1328121399070303
672500.0,679608.7681768512,668411.9678400935,0.01057065899903526,0.0060788582303441824
390000.0,339132.5128166892,326199.302417355,0.13042945431618153,0.16359153226319229
951000.0,868074.8749268542,854298.9617110046,0.08719781816313969,0.10168353132386476
1850000.0,1779963.1265109752,1676612.6160433094,0.03785776945352693,0.09372291024685976
275000.0,272084.228045559,269564.52301602473,0.010602807107058099,0.019765370850819163
269000.0,255251.72192719264,256024.03110500463,0.0511088404193582,0.048237802583625915
457000.0,469838.26966306375,494062.3373959548,0.028092493792262037,0.08109920655569983
272000.0,302990.1883640326,319314.02675455686,0.11393451604423749,0.1739486277741061
425000.0,307962.0254450962,329186.3260271437,0.2753834695409501,0.2254439387596619
394000.0,355851.63112116297,353635.85948678677,0.09682327126608384,0.10244705714013512
564000.0,561082.1610468964,554055.2197690806,0.00517347332110574,0.017632589061913766
495000.0,527692.1557917056,545848.7436399435,0.06604475917516281,0.10272473462614856
205000.0,195671.80979384296,206319.98930558786,0.04550336685930265,0.006438972222379823
1240000.0,1202036.035530011,1131575.171263565,0.030616100379023438,0.08743937801325397
605000.0,543456.800599661,546325.714991069,0.10172429652948602,0.09698228927096025
345000.0,322038.22426845477,343363.11901539913,0.06655587168563835,0.004744582564060482
726888.0,708174.7580373714,712590.6979354194,0.02574432644730489,0.019669195343134858
420000.0,419019.53954332805,410497.5030276921,0.002334429658742738,0.022624992791209313
1600000.0,1376209.3397907317,1428735.986717954,0.13986916263079271,0.10704000830127872
465000.0,456876.0080296781,448819.7381351627,0.01747095047381058,0.03479626207491896
423000.0,321688.5395775288,343049.41946814366,0.23950699863468375,0.18900846461431758
590000.0,535988.4954268122,558180.6898764534,0.09154492300540304,0.05393103410770615
349000.0,308379.67024552874,312648.43099176243,0.11639062966897208,0.10415922351930534
278000.0,312180.5283015806,320611.43732560973,0.12295154065316755,0.15327855153097025
740000.0,1117117.038585162,1147161.6017614694,0.5096176197096784,0.5502183807587424
480000.0,466779.92502436094,468165.9319559089,0.027541822865914705,0.02465430842518981
612000.0,580029.7153377238,573220.2917849433,0.05223902722594143,0.06336553629911224
550000.0,488730.64095502545,506073.19491576555,0.11139883462722647,0.07986691833497173
490000.0,490558.13211234467,504378.26494310144,0.0011390451272340178,0.02934339784306417
339000.0,237828.80305838288,262273.25703701365,0.29844010897232187,0.22633257511205412
479000.0,432325.26807540155,428775.4131281263,0.0974420290701429,0.10485299973251296
424000.0,383320.1561710678,392635.7152802362,0.09594302789842502,0.07397236962208441
909950.0,932993.6685111973,965726.953150368,0.025324104083957712,0.06129672306211104
498000.0,388058.15915257065,400073.499051932,0.22076674868961718,0.1966395601366827
446250.0,628178.6182534762,650611.9031541633,0.40768317815905036,0.457953844603167
324900.0,303221.3685820635,299520.31468646583,0.06672401175111274,0.07811537492623627
537000.0,530495.5818302201,535718.0491197736,0.012112510558249415,0.0023872455870138664
415000.0,377096.3118925266,371269.7924447911,0.09133418821077934,0.10537399410893705
475000.0,394976.56300667604,404807.2472183594,0.1684703936701557,0.14777421638240132
599000.0,716741.1270766503,674345.0851060257,0.19656281648856472,0.12578478314862385
279000.0,278864.61332839227,289706.121892439,0.00048525688748290985,0.03837319674709329
425000.0,364188.7466151245,335965.02609349316,0.14308530208205997,0.20949405625060433
779000.0,649055.9340924267,679543.5482758633,0.16680881374528025,0.1276719534327814
375000.0,388306.8340104136,394922.48535832146,0.035484890694436305,0.05312662762219055
387000.0,392149.2320503547,411233.06472363987,0.013305509174043176,0.06261773830397899
300000.0,338071.9335708732,337927.9271966545,0.1269064452362441,0.1264264239888483
750000.0,577953.6472478871,540102.8768639341,0.2293951370028172,0.2798628308480879
265000.0,292696.3051693723,305376.4489835154,0.10451435912970677,0.15236395842835992
440000.0,384247.8253949195,386899.322561055,0.12670948773881935,0.12068335781578406
130000.0,161011.602463298,197141.5093746478,0.23855078817921546,0.5164731490357524
672000.0,606905.1625257422,616994.3154820227,0.09686731767002649,0.08185369719937097
765000.0,757465.5805935134,799461.1538050369,0.009848914256845176,0.04504725987586525
208000.0,185974.92666015343,196018.72353627085,0.10588977567233926,0.05760229069100555
532000.0,564244.5428194046,601003.5541979034,0.06061004289361772,0.1297059289434274
604000.0,555495.581833393,571425.498844228,0.080305328090409,0.0539312933042583
490000.0,454762.1642608772,433493.70926142763,0.07191395048800575,0.11531896069096402
575000.0,553312.1401443003,536774.1774977644,0.03771801714034731,0.06647969130823592
711777.0,548314.4962945194,568055.0278130372,0.22965409630471426,0.20191994429008361
1000000.0,872270.1441833485,866635.8272347521,0.12772985581665147,0.13336417276524787
165000.0,291720.77807385457,275809.13706671516,0.7680047155991186,0.6715705276770616
550000.0,561745.1556994474,565587.9756639802,0.02135482854444978,0.02834177393450952
940000.0,856757.1066918935,811911.3267023385,0.088556269476709,0.136264546061342
260000.0,301659.7033844905,316099.7257659342,0.16022962840188656,0.2157681760228239
339900.0,302365.40264815587,303015.7203198067,0.11042835349174501,0.10851509173343125
650000.0,571847.8939501,579787.5634198453,0.12023400930753837,0.108019133200238
600000.0,560819.9060666823,564183.8101693394,0.0653001565555295,0.059693649717767645
150000.0,176011.43886373402,205224.36361734185,0.17340959242489346,0.36816242411561234
776000.0,607039.9409282292,606111.6701822369,0.21773203488630252,0.21892826007443694
710000.0,736214.815710712,757477.5880693431,0.03692227564889013,0.0668698423511875
231500.0,219515.33557013355,230958.69494370604,0.05176960876832158,0.0023382507831272597
485000.0,537750.4321565256,533827.4634991318,0.10876377764232073,0.1006751824724368
245000.0,227996.8718535749,241329.06187509204,0.06940052304663304,0.014983420917991673
920000.0,781727.1970806621,813257.6066574675,0.1502965249123238,0.11602434058970919
490000.0,466307.8979915696,440857.08181566495,0.04835122858863348,0.10029166976394908
838000.0,830156.8800855882,776922.410159348,0.009359331640109547,0.0728849520771503
407500.0,302917.44197106676,333776.9771325147,0.25664431418143124,0.18091539353984123
630000.0,617173.2177080364,597118.7032978216,0.020359971892005682,0.05219253444790227
878000.0,844584.8056807318,847923.4854242685,0.038058307880715514,0.03425571136188095
477500.0,473008.7379697058,485579.0174196568,0.009405784356637116,0.016919408208705335
900000.0,644719.8395760752,618555.9929937713,0.28364462269324975,0.3127155633402541
419000.0,472576.9592024661,487095.26805785985,0.1278686377147163,0.16251853951756529
285000.0,292112.71819041943,291423.63233806624,0.024956905931296243,0.022539060835320125
449950.0,442256.8533990964,447241.91949834436,0.01709778108879563,0.006018625406502146
514700.0,492184.67494597385,492950.3240512599,0.04374456004279415,0.04225699620893744
338900.0,273745.9396801085,276396.93967920484,0.19225157958067715,0.18442921310355612
260656.0,228350.21757691773,236635.5131558817,0.12394029841278265,0.09215397629104377
1290000.0,1165871.1150755866,1148880.5835840288,0.09622394180187085,0.10939489644648934
995000.0,883844.1586245799,856144.6359084011,0.11171441344263328,0.1395531297403004
532000.0,553723.4763238645,549902.8578005101,0.04083360211252733,0.03365198834682355
329950.0,273801.37770466815,295145.22358914703,0.17017312409556554,0.10548500200288821
775000.0,770657.9367992599,776120.771425635,0.005602662194503411,0.0014461566782386732
515000.0,501426.40213502874,479948.1898108423,0.026356500708682066,0.06806176735758782
610000.0,588104.3910429608,615223.0792015364,0.035894440913179004,0.008562424920551426
865000.0,808219.262397511,820665.2189784297,0.06564247121675024,0.051254082105861645
569950.0,609985.2409095918,603518.2648076841,0.07024342645774503,0.058896859036203376
475000.0,499084.60106170754,500506.5336830212,0.05070442328780534,0.05369796564846569
562000.0,701777.3918189846,669730.1907519572,0.248714220318478,0.19169073087536875
333000.0,330749.00505126885,349214.50909275596,0.006759744590784244,0.048692219497765664
460000.0,465558.1171237874,433246.6187561238,0.012082863312581321,0.05815952444320909
506000.0,447799.12177987915,443325.45234902966,0.11502149845873687,0.12386274239322202
245000.0,221589.36104056376,223371.71417455262,0.0955536284058622,0.08827871765488728
234000.0,217669.48110743784,224029.9945742427,0.06978854227590668,0.04260686079383458
312500.0,302803.76150219695,308788.2763138375,0.031027963192969747,0.011877515795719997
247000.0,245019.16065349444,245487.65776898252,0.00801959249597391,0.006122843040556596
320000.0,349041.69467512274,390093.1316518972,0.09075529585975856,0.2190410364121788
410000.0,425418.490188031,446234.1793382543,0.03760607362934388,0.08837604716647396
575000.0,502785.673834704,518065.1464165345,0.1255901324613844,0.09901713666689653
449000.0,467835.1710113241,462608.18751640647,0.04194915592722517,0.030307767297119086
430000.0,393553.6719220821,392875.4288512029,0.08475890250678586,0.08633621197394678
603000.0,589763.1772732082,613424.3142948778,0.021951613145591777,0.017287420057840484
2300000.0,2309838.4898071135,2199528.096900134,0.004277604263962408,0.04368343613037657
330000.0,274888.4117046694,269700.1052378728,0.16700481301615328,0.18272695382462786
612000.0,567134.9893569029,555890.3888553396,0.07330884092009331,0.09168237115140587
274800.0,296766.5763294811,287025.90582954715,0.07993659508544793,0.04449019588627055
345000.0,331956.4351844087,335209.98532894056,0.03780743424809079,0.028376854119012876
590000.0,532282.4116001016,557771.373901586,0.09782642101677691,0.05462478999731178
460000.0,396290.25560488674,417617.32795825845,0.13849944433720274,0.09213624356900336
378000.0,357849.0826122767,381432.38488830416,0.0533093052585272,0.00908038330239197
350000.0,305921.05272321944,337272.02193934616,0.12593984936223016,0.03636565160186812
625000.0,661028.3812883975,676586.4836421851,0.05764541006143596,0.08253837382749617
595000.0,606368.244251007,589480.4833981227,0.019106292858835264,0.009276498490550062
225000.0,213200.1999933236,226564.26405535525,0.05244355558522847,0.00695228469046777
499922.0,512388.98016993096,521841.35446777387,0.024937850644562474,0.04384554884116696
429950.0,504039.5156321644,511649.301538274,0.17232123649764944,0.19002047107401787
541500.0,556822.8635267098,552403.9957520714,0.028297070224764253,0.020136649588312797
355000.0,362730.0242740569,371126.2259943339,0.021774716264948996,0.045425988716433566
607000.0,541577.0537827458,536299.2457518369,0.10778080101689316,0.11647570716336586
262000.0,280069.689665643,286790.27754208376,0.06896828116657625,0.0946193799316174
270000.0,222445.21671341296,232426.56333397588,0.17612882698735943,0.1391608765408301
325000.0,302419.6754790807,327224.8548354418,0.0694779216028286,0.006845707185974774
358000.0,344857.49941053696,345981.31623842614,0.036710895501293424,0.03357174235076498
222200.0,232470.99197056788,244735.7653713364,0.04622408627618306,0.10142108627964176
699000.0,741591.4724720343,767760.9625055391,0.06093200639776006,0.09837047568746647
745000.0,725680.629451063,667676.9819299808,0.02593204100528457,0.10378928600002577
370000.0,515371.53871874436,506406.34094717377,0.392896050591201,0.3686657863437129
364000.0,350428.3832489973,349199.84238044376,0.037284661403853496,0.040659773680099556
240000.0,250800.12320616413,233622.137968415,0.04500051335901723,0.02657442513160422
395000.0,371399.44331766653,377771.8788803109,0.05974824476540118,0.04361549650554197
540000.0,500290.3694180432,505283.4425635583,0.07353635292954967,0.06428992117859576
525000.0,468334.58756702754,480078.53340971057,0.10793411891994754,0.08556469826721796
590000.0,551376.5958207846,559880.1176608448,0.06546339691392446,0.051050648032466416
320000.0,321241.48519099737,312616.49269048637,0.0038796412218667685,0.0230734603422301
460000.0,421460.7694439192,435298.1206719871,0.08378093599148004,0.053699737669593205
415000.0,315477.1071363964,325951.3652909075,0.23981419967133397,0.2145750233954036
679975.0,592511.676272189,632079.4850163574,0.12862726383736311,0.07043717046015312
206000.0,204084.07742746128,214018.7032189285,0.009300595012323895,0.038925743781206355
579000.0,766706.5099572521,688480.7141271859,0.32419086348402776,0.18908586205040737
219950.0,192327.1895902665,191721.4284270577,0.1255867715832394,0.1283408573445888
420000.0,479593.3733320275,457885.22207111085,0.14188898412387504,0.09020290969312107
181000.0,387330.9323996239,398870.45223615464,1.139949902760353,1.2037041560008543
675000.0,602145.6003829336,570665.8060737738,0.10793244387713537,0.15456917618700183
278500.0,248587.52241666286,251634.0360192544,0.10740566457212618,0.09646665702242589
283000.0,347743.2329255816,366284.5306878571,0.22877467464869813,0.2942916278722867
450000.0,429013.6790073734,423221.3730901219,0.04663626887250355,0.059508059799729125
880000.0,854368.8867909648,871045.4424743603,0.029126265010267327,0.010175633551863244
1137500.0,912919.0540836572,941285.7844393671,0.19743379860777388,0.17249601367967726
641000.0,614968.4547239508,610680.0496708518,0.04061083506403927,0.04730101455405337
694000.0,686480.8345880371,663441.7087526994,0.010834532293894661,0.04403211995288267
949950.0,762402.7059163457,914039.2062894373,0.19742859527728226,0.03780282510717695
479000.0,444714.897222421,467457.21944871364,0.07157641498450727,0.02409766294631807
639000.0,440799.83636908745,410423.87239833095,0.31017240004837643,0.3577091198774164
428000.0,399870.49262174626,389964.52315350843,0.0657231480800321,0.08886793655722329
884250.0,824877.9828492409,875999.7992990994,0.06714392666187065,0.009330167600679258
343000.0,318990.4181304121,329706.7822905454,0.06999878096089762,0.03875573676225828
389950.0,375586.86988856114,359434.91046232224,0.036833260960222755,0.07825385187249073
1220000.0,906934.502790076,1001289.1140060845,0.256611063286823,0.17927121802779958
430100.0,399674.7114743502,410248.37640322524,0.07074003377272683,0.04615583258957164
400000.0,435852.22061517613,443473.52883732447,0.08963055153794033,0.10868382209331118
240415.0,221835.94119829577,224553.4309477249,0.0772791165347596,0.06597578791787158
625000.0,561200.7926529062,556034.1031698465,0.10207873175535016,0.11034543492824565
2450000.0,1863636.1410102895,1864191.0588104287,0.23933218734273895,0.23910569028145767
360000.0,417512.0981142768,411885.38656538486,0.1597558280952134,0.14412607379273573
649950.0,616367.6774087098,602056.7301947906,0.051669086224002195,0.07368762182507788
600000.0,554081.8417981459,566655.3775616189,0.07653026366975682,0.05557437073063513
1851000.0,1941107.4244240224,1736559.9280946138,0.04868040217397214,0.06182607882516811
425000.0,406534.6480821894,409871.42043554864,0.043447886865436755,0.035596657798709075
375000.0,330354.68096037454,348574.7265294539,0.11905418410566791,0.07046739592145632
560000.0,434300.6339475276,443310.37059410434,0.22446315366512926,0.20837433822481366
235000.0,242203.32749714912,252069.04519308038,0.030652457434677104,0.07263423486417184
475000.0,500326.16780424694,535733.6309054701,0.05331824800894093,0.1278602755904634
305000.0,401806.7631572464,422192.6196364449,0.31739922346638166,0.3842380971686718
265000.0,237537.93304625218,241070.55389593128,0.10363044133489745,0.09029979661912724
267500.0,244176.45320304998,249901.72050289233,0.0871908291474767,0.06578796073685109
605000.0,618693.2698976158,617757.8962097795,0.022633503963001272,0.021087431751701725
470500.0,514914.66212391143,533983.2955079906,0.0943988567989616,0.13492730182357202
515000.0,479981.61091581784,476215.0496502223,0.06799687200812068,0.07531058320345185
840000.0,846334.43890746,932718.5844622114,0.007540998699357096,0.11037926721691828
887000.0,711146.8860518262,731036.6565563303,0.19825604729219146,0.17583240523525337
525000.0,429303.15190629655,437259.02416388865,0.18227971065467324,0.1671256682592597
550000.0,519910.17168302933,545821.5236773024,0.05470877875812849,0.007597229677631986
90000.0,178073.1176799693,212994.03670872515,0.9785901964441033,1.3666004078747238
615000.0,504568.52640477347,508727.39167393325,0.17956337169955533,0.172800989148076
410500.0,401742.4876824762,397679.1122387574,0.021333769348413707,0.031232369698520272
280500.0,271096.113131714,300070.67197259056,0.033525443380698766,0.0697706665689503
670000.0,484814.9032376117,525492.5633065559,0.27639566680953476,0.21568274133349874
938000.0,927382.2717347466,936700.609834378,0.011319539728415097,0.001385277362070359
895000.0,908737.3016586793,900900.9479439966,0.015348940400758956,0.006593237926253227
575000.0,503261.7783953828,514754.3750873993,0.12476212452976904,0.10477499984800118
800000.0,787484.4549035672,758003.5639821613,0.015644431370540987,0.05249554502229832
1670000.0,1638351.035253672,1679079.6121277628,0.01895147589600483,0.005436893489678295
375000.0,339528.98662407673,344941.7758414919,0.09458936900246205,0.08015526442268832
419600.0,406031.7199651093,396211.8237039072,0.03233622505932004,0.05573921900880077
346500.0,329315.49041808967,329798.3698525996,0.04959454424793746,0.04820095280635044
825000.0,845050.317583047,864845.6389732859,0.024303415252178145,0.04829774421004353
230000.0,321870.09503254824,336188.0994638599,0.399435195793688,0.461687388973304
1410000.0,1290866.3249317557,1240320.6859213365,0.08449196813350662,0.1203399390628819
638500.0,447092.8077441649,458463.1178025277,0.29977633869355536,0.28196849208687913
362000.0,472924.42446925485,495360.13658985,0.30642106206976477,0.36839816737527625
361500.0,338797.1215988012,337268.48205038987,0.062801876628489,0.06703047842215805
404000.0,363651.1919228218,360099.45866973035,0.09987328731974801,0.1086647062630437
465000.0,455073.6070151892,453882.1931936997,0.021347081687765182,0.023909261949032905
815000.0,660026.6803922949,675133.6493820567,0.19015131240209215,0.1716151541324458
185000.0,224481.89419910006,234622.01476340243,0.21341564431945978,0.2682271068292023
403000.0,362506.82151170255,380282.32196699094,0.10047935108758671,0.05637140951118872
635000.0,633268.8975170702,646817.0548476446,0.0027261456424091746,0.01860953519314117
574000.0,491634.67516836355,502479.75264336535,0.1434935972676593,0.12459973407079207
623000.0,623408.7652994992,661050.2432064327,0.0006561240762426185,0.06107583179202676
1065500.0,734559.8528220482,708115.3986998358,0.3105961024664024,0.33541492379180127
568000.0,423200.99892067176,397521.0799083266,0.25492781880163423,0.30013894382336864
570000.0,511486.547810338,516272.4957962655,0.10265517928010882,0.09425877930479738
395000.0,344048.2826355634,337411.39886584063,0.12899168953021922,0.14579392692192245
542500.0,571146.12115958,564596.9344965859,0.052803909971575955,0.04073167649140251
320000.0,342873.2905951866,352313.7109812208,0.07147903310995807,0.10098034681631507
352750.0,350690.4721092967,363575.78274486196,0.005838491539910111,0.030689674684229524
250000.0,417590.22439442656,402464.9099512503,0.6703608975777062,0.6098596398050012
2340000.0,1440022.529394823,1448863.554675684,0.3846057566688791,0.3808275407368871
913000.0,714799.8475295512,730952.4332461561,0.21708669492929764,0.1993949252506505
426000.0,307413.5360109889,314097.63355749403,0.2783719811948618,0.2626816113673849
597500.0,620862.2895435065,614032.4301179809,0.039100066181600765,0.027669339109591507
410000.0,452407.3334212466,420323.52964294865,0.10343252053962589,0.025179340592557678
550000.0,574578.9378003902,572771.9496670826,0.04468897781889124,0.04140354484924115
485000.0,470146.99082020257,468659.877927564,0.030624761195458622,0.03369097334522881
309000.0,255796.60917179415,273248.5237867829,0.17217925834370826,0.11570057026931091
480000.0,421611.8451541721,423160.4645233293,0.12164198926214145,0.11841569890973067
188200.0,191441.54673596672,197959.99961352115,0.01722394652479662,0.051859721644639506
426000.0,449318.95697389776,446513.79000698065,0.05473933561947831,0.04815443663610481
925000.0,904916.7405704835,915255.8709633847,0.02171163181569352,0.010534193553097572
172040.0,263753.62364284537,270672.8701821413,0.5330947665824539,0.5733135909215376
525000.0,464046.0530206336,447773.1251687131,0.11610275615117413,0.14709880920245125
667000.0,535090.1455206047,567526.843845887,0.19776589876970813,0.1491351666478456
295000.0,371704.9119366418,388658.9624547525,0.26001665063268403,0.31748800832119484
525000.0,557130.4899845012,594084.2761826102,0.06120093330381172,0.1315890974906861
330000.0,365581.27920577093,391897.53166825365,0.10782205819930585,0.1875682777825868
440000.0,443679.10796855576,425716.6745818266,0.008361609019444917,0.03246210322312135
695000.0,588992.05102908,593322.7556753971,0.1525294229797411,0.1462981932728099
535000.0,443279.03420075646,438010.2210667076,0.1714410575686795,0.18128930641736893
1328000.0,1127827.93165624,1136591.5848164628,0.15073197917451805,0.14413284275868762
657500.0,697736.5637540701,613795.1073933933,0.061196294682996324,0.06647131955377446
650000.0,591174.7070939551,603985.442347912,0.09050045062468441,0.07079162715705846
830000.0,818549.7981669743,874352.5571211203,0.013795423895211649,0.05343681580857865
541900.0,513915.95721953455,532571.3026695088,0.05164060302724755,0.01721479485235496
550000.0,503299.1218269784,565309.915490118,0.084910687587312,0.027836209982032675
273000.0,292839.2076860283,287141.4574683363,0.07267109042501219,0.05180021050672628
440000.0,329228.27755229315,345720.64355156594,0.2517539146538792,0.21427126465553195
305000.0,355436.1175246298,339509.55901883706,0.16536431975288463,0.11314609514372805
636000.0,597257.7125357223,597433.6909407792,0.06091554632748066,0.060638850722045334
600000.0,843038.3273408965,787507.9965719831,0.40506387890149415,0.3125133276199718
122000.0,178067.63421220437,191993.1448096818,0.45957077223118337,0.5737143017187033
275000.0,265635.37679908524,281244.68601979234,0.03405317527605369,0.022707949162881227
905000.0,758073.0686211184,765798.8201335109,0.16235020041865367,0.1538134584160101
838000.0,631283.3502425896,621401.0411568405,0.2466785796627809,0.2584713112686867
718000.0,706974.1729221831,693876.8902955748,0.015356305122307715,0.033597645827890266
925000.0,600946.8009401199,606422.4405873364,0.350327782767438,0.3444081723380147
567000.0,635268.4847410253,653834.8373348829,0.12040297132455953,0.15314786126081645
699999.0,589947.3144775794,614638.6371713285,0.15721691819905537,0.12194354967460164
480000.0,404536.443792145,505975.36697004084,0.1572157420996979,0.05411534785425174
391000.0,533359.4433596984,510139.57320022373,0.3640906479787683,0.30470479079341106
267950.0,214913.10046233266,228266.78130760262,0.1979358071941308,0.14809934201305236
1115000.0,1475220.6216548253,1565575.698960164,0.32306782211195095,0.40410376588355523
220000.0,394896.1206395421,370633.83472577337,0.7949823665433733,0.6846992487535153
563750.0,608195.762473222,565709.209923307,0.07883948997467315,0.0034753169371298373
423500.0,475276.941302578,485103.7060820665,0.12225960165897998,0.14546329653380524
310000.0,320738.6623055557,308398.048908316,0.03464084614695392,0.00516758416672256
412000.0,378197.3503083738,382451.0402976435,0.08204526624181116,0.07172077597659342
352500.0,358134.75089239335,364411.26300107245,0.01598510891459106,0.03379081702431902
300000.0,294241.37737961207,311278.6817863772,0.019195408734626447,0.037595605954590716
438000.0,602875.2016874803,566128.7329102351,0.3764274011129688,0.29253135367633576
2320000.0,2069277.9796493908,2133830.604295512,0.10806983635802121,0.08024542918296888
359500.0,380277.25030571665,374458.67308232177,0.057794854814232674,0.04160966086876708
222000.0,263899.3923447202,288324.6137046624,0.1887360015527937,0.2987595211921731
489000.0,453503.3198635239,437423.77165725,0.07259034792735403,0.10547285959662575
525000.0,519785.5023473472,514232.0661269597,0.00993237648124341,0.020510350234362495
750000.0,653953.0705423714,641437.0740477982,0.1280625726101715,0.14475056793626911
577000.0,575876.4201869805,583761.8985129797,0.0019472787054063932,0.011719061547625193
251000.0,177198.42365287512,183043.2618289448,0.29403018464989994,0.2707439767771124
420000.0,460723.12982511614,458334.9344889977,0.09695983291694318,0.09127365354523256
275000.0,273371.1171562549,282771.74056408484,0.00592321034089133,0.028260874778490343
1387000.0,1638541.3917685817,1765839.9784885328,0.1813564468410827,0.27313624981148726
939000.0,898714.5725653592,908079.9000119913,0.042902478631140384,0.03292875398083997
712000.0,641686.5965680304,637729.4407803903,0.09875478010108087,0.10431258317360914
335000.0,319299.13911896833,316221.4796453061,0.04686824143591542,0.05605528464087723
325000.0,272322.2217601548,292842.10510352615,0.16208547150721594,0.09894736891222723
475000.0,447350.8916159358,454040.08631590515,0.058208649229608896,0.04412613407177863
435000.0,426641.5794244681,438616.8757983435,0.019214759943751488,0.008314657007686221
564500.0,534176.6865757431,521561.4575824778,0.053717118554928014,0.07606473413201457
205000.0,216577.2772078339,224417.53351342902,0.056474522965043364,0.09471967567526351
695000.0,764464.399752866,757739.8934750103,0.09994877662282879,0.09027322802159754
948000.0,811422.45373443,805133.5372631679,0.1440691416303481,0.15070301976459083
280000.0,296611.96098453604,294647.02310443885,0.05932843208762871,0.05231079680156732
243950.0,238542.01325795398,234346.826993193,0.0221684227999427,0.0393653330879565
790100.0,658814.173158964,659849.5625506437,0.1661635575763017,0.16485310397336578
410000.0,376769.3109512744,372674.96671688504,0.08105046109445266,0.09103666654418283
401750.0,369875.2152911167,373530.8591709405,0.07933984992876994,0.07024054966785197
445000.0,377454.4589019882,375773.2950278866,0.15178773280452085,0.15556562915081668
515000.0,565969.0546706063,568028.5654062466,0.098969038195352,0.10296808816746908
413100.0,502273.0054284547,470506.16831195843,0.2158630003109531,0.1389643386878684
740000.0,710680.0154973206,686940.8225303539,0.039621600679296536,0.07170159117519742
268000.0,223524.26301593537,236458.13862694413,0.1659542424778531,0.11769351258602938
184500.0,189094.37179546893,194428.32882876904,0.024901744148883114,0.05381208037273191
475000.0,388362.49352806853,403927.82342964126,0.18239475046722414,0.14962563488496577
799000.0,383562.6145227916,395726.6554177512,0.519946665177983,0.5047225839577583
775000.0,706298.6332288258,719622.0625747324,0.08864692486603129,0.0714554031293776
660000.0,708613.1417396341,720260.0314269728,0.07365627536308196,0.09130307791965579
550000.0,456831.8517307291,485573.10177739727,0.16939663321685616,0.11713981495018679
384500.0,343668.8738348297,322048.2291839507,0.1061927858652023,0.16242333112106452
325000.0,341212.04547441483,322687.7310624884,0.049883216844353324,0.007114673653881853
313100.0,300345.46677820524,306602.1899212357,0.040736292627897665,0.020753146211319948
485000.0,472908.70366331167,456379.49184708524,0.024930507910697595,0.059011357016319085
1500000.0,1396865.2572144223,1341900.4421921617,0.06875649519038511,0.10539970520522554
438000.0,412284.12334375025,418398.85666552035,0.058712047160387554,0.044751468800181854
790000.0,684646.0129500709,727010.2874421554,0.13335947727839126,0.07973381336436024
394000.0,406616.62240693526,395772.1643375213,0.03202188428156157,0.004497879029241885
549000.0,493006.57574636023,524297.0771230507,0.10199166530717625,0.04499621653360529
425000.0,323698.15024043014,330848.58936507,0.23835729355192908,0.22153273090571768
465000.0,432847.8274253066,438567.3353833342,0.06914445714987827,0.05684444003584044
229000.0,228259.10174528108,241553.98784692297,0.0032353635577245525,0.0548209076284846
380000.0,249778.36603959245,256763.33194818778,0.3426885104221251,0.3243070211889795
785000.0,820196.4465866892,855642.0840664507,0.044836237690049956,0.08998991600821747
535000.0,515789.1853688364,530366.4711058812,0.03590806473114693,0.008660801671250183
450000.0,450415.9314327629,459113.8003782412,0.0009242920728064039,0.02025288972942495
385000.0,320282.15727977746,359256.5596727631,0.16809829277979882,0.06686607877204388
691100.0,641174.5520110676,634395.1381513965,0.07224055561992819,0.08205015460657425
375000.0,277602.3879318503,290452.78381378774,0.2597269655150659,0.22545924316323268
675000.0,681483.8864489124,632231.0034462285,0.009605757702092502,0.06336147637595785
851000.0,776859.7075117441,762612.6101036957,0.08712137777703395,0.10386297285112144
695000.0,570603.603962774,585355.3422175775,0.17898762019744743,0.15776209752866546
1295000.0,1295952.9855700198,1463373.8811000148,0.00073589619306549,0.13001844100387241
1575000.0,1377464.512766854,1412525.530962954,0.1254193569734261,0.10315839303939425
585888.0,478880.43242161465,503272.48800138815,0.18264167823608837,0.14100905292242177
255000.0,253639.92334236242,267622.0860371727,0.005333633951519904,0.04949837661636354
510000.0,521026.0666456109,499384.24231968186,0.021619738520805693,0.020815211137878712
420250.0,455606.17972662207,438376.49289623345,0.08413130214544216,0.04313264222780119
1475000.0,1068131.6069705507,1133192.7494190175,0.27584297832505034,0.23173372920744578
3650000.0,4036241.0876047723,3541698.580661216,0.105819476056102,0.0296716217366532
544800.0,472793.92690115806,488274.68219669844,0.1321697376997833,0.10375425441134647
675000.0,707921.1545467146,735229.8312329993,0.048772080809947584,0.08922937960444347
546000.0,529822.4700044536,534189.6951833755,0.029629175816019128,0.021630594902242672
269000.0,289070.04722371296,298714.7727553827,0.07460984098034557,0.11046383923934089
480000.0,406843.81174869486,413245.3346627961,0.15240872552355236,0.13907221945250808
479900.0,470149.7870649314,469910.17078685417,0.02031717635980118,0.020816480960920668
560000.0,577295.8748862551,559228.4872295669,0.030885490868312732,0.0013777013757733845
144000.0,216846.56509376012,226988.35713547986,0.505878924262223,0.5763080356630546
550000.0,567220.9466944704,545688.710125024,0.03131081217176429,0.00783870886359279
1955000.0,1557269.2206747723,1444759.1719520898,0.2034428538747968,0.2609927509196472
244000.0,289943.4894134865,283866.63778226933,0.18829298939953484,0.1633878597633989
790000.0,473841.51816937205,430220.5713220233,0.40020060991218726,0.4554169983265528
281000.0,261781.4071642153,263187.1654448352,0.06839356881062165,0.06339087030307756
287500.0,259591.4543079778,270575.18722799624,0.09707320240703371,0.058868913989578296
797500.0,846982.6375665767,867607.0842058049,0.06204719444084854,0.08790856953705939
299000.0,304108.55527351255,309147.09887181834,0.017085469142182452,0.03393678552447604
499000.0,530919.8114620362,545090.3912198344,0.06396755804015274,0.0923655134666021
575000.0,531003.6899874406,564339.6789513654,0.07651532176097288,0.018539688780234074
675000.0,712277.987838709,726979.920613396,0.0552266486499393,0.07700728979762368
890000.0,761509.5456351179,782794.0561437956,0.14437129703919335,0.12045611669236449
319000.0,301033.8112262277,299923.75692995876,0.05632034098361214,0.05980013501580325
487275.0,501047.38089725364,512873.0794523446,0.02826408269920196,0.05253312698649556
630000.0,661399.4181499811,667750.7974527474,0.049840346269811216,0.059921900718646594
541500.0,406279.3552055905,428055.9502551827,0.24971494883547463,0.20949963018433485
546000.0,631390.6302984573,640896.6007382064,0.1563930957847204,0.1738032980553231
345000.0,293983.57854233106,302905.37614428427,0.14787368538454765,0.12201340248033546
1387000.0,1294999.1269401086,1360604.5553372223,0.06633083854354102,0.019030601775614785
795000.0,590413.3903662326,610181.267648156,0.2573416473380722,0.2324763928954012
275000.0,261195.80938287545,263875.14405488083,0.050197056789543816,0.04045402161861516
379600.0,349469.4124711691,358173.9569889491,0.07937457199375901,0.0564437381745282
650000.0,636002.4544436886,653596.8978568978,0.021534685471248274,0.005533689010611986
480000.0,504313.64148792264,501418.76169704663,0.05065341976650549,0.044622420202180484
266000.0,307236.17214786133,299580.53768740233,0.15502320356338847,0.12624262288497118
418000.0,452043.7398138473,434662.4401308474,0.08144435362164425,0.03986229696374974
386000.0,376786.8337318916,389769.69029060856,0.023868306394063246,0.009766037022301968
349500.0,284675.07430734497,299482.3867523885,0.18547904346968536,0.14311191201033333
2250000.0,1942509.4349184334,2069602.2818270735,0.13666247336958515,0.08017676363241176
600000.0,500308.03989388735,532609.0296774174,0.16615326684352108,0.11231828387097106
287500.0,258039.0214499582,253910.71715210413,0.10247296886971058,0.11683228816659433
237200.0,207269.08069144897,217760.88039684782,0.12618431411699424,0.08195244352087767
348000.0,295524.71259850013,292717.7606518382,0.1507910557514364,0.15885700962115457
392400.0,405960.8087798156,460655.1328794916,0.034558636034188635,0.17394274434121204
463000.0,455973.69972148223,450795.6810560772,0.015175594554034054,0.02635922018125878
395000.0,387491.7552431256,392700.71237165004,0.019008214574365558,0.005820981337594846
925000.0,886007.0267368491,935059.8861535627,0.04215456568989286,0.010875552598446154
435000.0,427363.0793847139,440156.7938095896,0.017556139345485288,0.01185469841284961
482500.0,415823.4794579414,411738.959091114,0.13818967987991426,0.14665500706504872
525000.0,488236.91236994736,512554.24944199534,0.07002492881914789,0.02370619153905649
576000.0,600180.5869938857,570725.7790503532,0.04198018575327377,0.009156633593136778
671000.0,636169.536371056,681692.3551680325,0.05190829154835173,0.01593495554103198
560000.0,561980.1510991602,560168.5329084707,0.0035359841056432093,0.0003009516222691413
525000.0,555491.7109256106,589808.3987162128,0.05807944938211546,0.12344456898326253
775900.0,765196.362732193,791564.1517055811,0.013795124716854018,0.020188364100504078
280000.0,216530.02958763338,221231.99059957906,0.2266784657584522,0.20988574785864622
364950.0,325219.19947908126,331430.81645502464,0.10886642148491228,0.09184596121379739
449950.0,447129.4595601936,463846.0891773661,0.006268564151142156,0.030883629686334287
550000.0,522252.2846660659,550016.880602578,0.05045039151624385,3.0692004687364466e-05
342000.0,313506.67075622885,326825.5960555913,0.08331382819816126,0.04436960217663361
281700.0,252602.10846505052,261684.95502829817,0.10329389966258246,0.07105092286724116
595000.0,543552.001778395,525140.7830990461,0.08646722390185708,0.11741044857303178
593450.0,593358.2327775047,605850.4442803697,0.00015463345268393956,0.020895516522655106
465000.0,519444.9970946425,510902.0123168831,0.11708601525729567,0.09871400498254425
454000.0,487819.6497233757,472392.0116016909,0.07449262053606978,0.04051103877024428
1234570.0,1273347.9062336397,1131591.9944823198,0.03141005065216204,0.08341204266884843
337000.0,361364.148546022,365618.5764739226,0.07229717669442734,0.08492159191074951
899100.0,763641.1801271326,777775.9584880909,0.15066046031906066,0.1349394299987867
635000.0,637935.5978488611,653334.962687618,0.0046229887383639826,0.028873956988374777
228950.0,218643.82847466803,208573.58820094416,0.04501494442162905,0.08899939637063047
642450.0,515595.22510455054,513975.01584629866,0.19745470448353875,0.19997662721410436
339950.0,297368.7738323977,301838.39491684525,0.1252573206871666,0.11210944280969186
631000.0,644698.8292204246,654596.75822306,0.021709713503050142,0.0373958133487481
331000.0,335674.3579655911,337396.24074970523,0.014121927388492666,0.01932399018037835
305000.0,250098.35124707455,256572.8822561697,0.18000540574729657,0.15877743522567317
344900.0,292885.72546153894,292744.1746101098,0.15080972611905208,0.15122013740182713
122000.0,169960.44520586528,180102.87141210373,0.3931184033267646,0.476253044361506
240000.0,217584.63327068108,218498.12223826296,0.09339736137216217,0.08959115734057098
875000.0,739723.6451402053,894717.5799854426,0.15460154841119397,0.02253437712622008
520000.0,495631.556534864,514202.8593622919,0.04686239127910768,0.01114834738020783
390000.0,482635.0113677432,488959.2712194774,0.2375256701737005,0.25374172107558307
374950.0,378668.26811556553,372884.39915114525,0.009916703868690572,0.005509003464074549
520000.0,446856.5595081436,462812.6399047052,0.14066046248433928,0.10997569249095149
430000.0,423123.56772402197,398823.2134701231,0.015991702967390775,0.07250415472064389
1070000.0,1011984.6200774127,975353.034364519,0.054219981236062906,0.08845510807054305
775000.0,674365.3779907997,663147.1453405411,0.12985112517316164,0.1443262640767211
562000.0,528203.4722236047,540315.7483429225,0.06013617042063224,0.038584077681632495
280000.0,333859.63822077075,346678.63165198575,0.19235585078846695,0.2381379701856634
850000.0,625002.0831766161,637132.364426187,0.2647034315569222,0.25043251243978
220650.0,291643.2998233221,294032.6216244958,0.3217462035953868,0.3325747637638603
1050000.0,970544.4046395479,1019973.1595295548,0.07567199558138293,0.02859699092423355
910000.0,975139.2646785595,998594.5858888007,0.07158160953687857,0.09735668778989086
342000.0,337134.0001523113,344094.5349640478,0.014228069730083955,0.006124371239905789
494000.0,500357.29524097755,512378.74912150117,0.01286901870643228,0.03720394559008334
580000.0,569082.9493357041,546968.0326320477,0.01882250114533777,0.0569516678757799
458000.0,432488.7947242278,419285.2519557293,0.05570132156282139,0.08453001756390977
298000.0,308958.2612368856,321974.7409326263,0.03677268871438128,0.08045215078062518
563000.0,576795.7952180711,585518.4790630193,0.024504076763891804,0.03999729851335573
278000.0,260216.78890400066,269035.02656718076,0.06396838523740771,0.03224810587345051
455000.0,410402.67436778033,405441.56349805114,0.09801610029059268,0.10891964066362388
650000.0,597713.8709424352,578623.9816562992,0.08044019855009965,0.10980925899030891
638000.0,634823.7997095361,667686.8432270015,0.004978370361228628,0.04653110223667945
260000.0,342049.2063118452,324297.5439328875,0.31557387043017393,0.24729824589572114
227450.0,171395.7257862863,193108.32339710963,0.24644657820933705,0.15098560827826057
1000000.0,935906.2377612881,944241.853932872,0.06409376223871194,0.05575814606712805
490000.0,473894.4010015869,486597.4634049443,0.032868569384516474,0.0069439522348075855
655000.0,654273.2507319594,665262.2582775181,0.001109540867237623,0.0156675698893406
837000.0,773828.7236476943,739491.3897120422,0.0754734484495886,0.1164977422795195
160000.0,192025.28864195128,201694.862958566,0.2001580540121955,0.2605928934910375
499900.0,486900.03708128206,488256.0935855724,0.02600512686280844,0.023292471323119863
645000.0,621044.0824484387,623498.2002442488,0.037140957444281024,0.033336123652327375
375000.0,406589.0504221944,415988.60031279305,0.08423746779251844,0.10930293416744812
240000.0,238499.98498232555,240630.21519714934,0.006250062573643542,0.0026258966547889335
320000.0,288418.2525290681,300770.91544764256,0.09869296084666221,0.060090889226116995
1550000.0,1919985.565814863,1845429.9066058474,0.23870036504184708,0.19059993974570802
750000.0,729987.0732301488,722621.5783939285,0.026683902359801656,0.0365045621414287
481000.0,476730.38850960485,468336.2527631071,0.008876531165062687,0.026327956833457115
570000.0,274874.2019548702,363547.557605051,0.517764557973912,0.3621972673595596
460000.0,438888.1848310801,440686.78122624446,0.04589525036721721,0.041985258203816385
226750.0,201085.92148068032,209251.49353544434,0.11318226469380233,0.07717092156364126
1110000.0,1146718.189799542,1162265.5593550678,0.03307945026985772,0.04708608950907008
705000.0,625496.4868541053,625901.4160398028,0.11277094063247481,0.11219657299318747
372500.0,332242.4512606194,333407.97458010894,0.1080739563473305,0.10494503468427129
630000.0,626414.5210161384,610171.255093141,0.005691236482320043,0.03147419826485556
570000.0,414318.4029135241,449215.0066748546,0.2731256089236419,0.2119034970616586
950000.0,673865.741684844,625710.8952011284,0.29066764033174314,0.3413569524198648
659000.0,573608.2780930726,605538.0321433544,0.12957772671764403,0.08112589963072167
515000.0,490485.8211892396,498301.46656585997,0.04760034720535996,0.032424336765320444
365000.0,399127.3192558417,405023.57383089967,0.09349950481052527,0.10965362693397168
740000.0,625582.4119021848,639265.7440019345,0.15461836229434484,0.13612737297035873
355000.0,336873.1480051518,331603.51712597715,0.05106155491506543,0.06590558556062776
1960000.0,1460068.666612632,1594844.6725431292,0.25506700683028977,0.18630373849840348
265000.0,230448.8015298739,236752.69097013105,0.1303818810193438,0.10659361898063754
510000.0,328174.80714602926,360952.82996755646,0.3565199859881779,0.29224935300479127
638000.0,565532.7168891998,579650.0443721779,0.11358508324576834,0.09145761070191549
456200.0,349036.6791837053,354520.5040975114,0.23490425431015935,0.2228835947007641
352000.0,504670.0145058329,487140.5055009222,0.4337216321188435,0.38392189062761994
325000.0,301054.43373769213,317452.39216108364,0.07367866542248575,0.02322340873512726
2000000.0,1584407.3756626248,1751552.6839822135,0.20779631216868757,0.12422365800889325
240000.0,200865.92642656987,218386.36453028928,0.1630586398892922,0.09005681445712799
502501.0,460380.0904544169,470841.7488436358,0.08382253875232712,0.06300335950846708
995000.0,973217.7151595396,1016400.0574020785,0.02189174355825166,0.021507595378973395
675000.0,682612.646539134,683809.9990121151,0.011277994872791072,0.01305185038831861
797000.0,726787.0351306282,703429.5152149327,0.08809656821753055,0.11740336861363522
1265000.0,1192946.5533009234,1210166.9974254444,0.056959246402432065,0.043346247094510335
739999.0,795954.3777354698,807806.3076940029,0.07561547750128018,0.09163162071030213
385000.0,266075.5164957378,282443.0477275317,0.3088947623487331,0.2663816942142034
530000.0,511237.2724563475,530244.8123917355,0.035401372723872684,0.00046191017308584324
305000.0,283494.9909854959,289832.6877393314,0.07050822627706259,0.04972889265792986
431000.0,395547.73017984716,415803.08453435946,0.08225584645047063,0.03525966465345834
872000.0,712132.9293704489,724793.5240362254,0.18333379659352186,0.16881476601350298
600000.0,525873.5513208157,575114.7791661163,0.12354408113197385,0.041475368056472894
389000.0,304370.53236946434,315928.84786886576,0.21755647205793227,0.18784357874327567
300000.0,298258.14799292677,293219.44590249105,0.005806173356910779,0.02260184699169651
695000.0,717503.3329297588,699918.8213555915,0.032378896301811254,0.007077440799412271
335000.0,277314.74416752846,293396.0720756412,0.17219479352976577,0.12419082962495168
406000.0,471827.458219073,454183.1514803878,0.162136596598702,0.11867771300588123
254999.0,232196.11795737187,233510.046097262,0.0894234175139045,0.08427073793519972
421500.0,385377.82964930194,400177.20082447724,0.08569909928991234,0.05058789839981674
215000.0,212192.32453191577,219023.84695842842,0.013058955665508036,0.018715567248504268
390000.0,388134.1471656194,392142.16179814923,0.0047842380368732845,0.005492722559357002
402000.0,363729.608579384,368119.46368141373,0.09519997865824878,0.08427994109101061
233000.0,325051.06756987027,363181.85316725494,0.3950689595273402,0.5587203998594633
321000.0,287165.0949675615,283024.2132421311,0.10540468857457481,0.11830463164445137
1210000.0,1277373.6449440215,1268656.5856531274,0.0556806983008442,0.048476517068700334
245000.0,263900.6521536259,266820.3577222062,0.07714551899439147,0.08906268458043354
500000.0,561004.1681356932,557316.6159391404,0.12200833627138637,0.11463323187828087
530000.0,363941.3203344105,380588.013917502,0.31331826351998016,0.2819094077028264
350000.0,289783.29924137203,297554.36598166736,0.17204771645322275,0.14984466862380755
295000.0,218620.79878741398,233502.03639292915,0.25891254648334244,0.20846767324430798
550000.0,650448.3786939698,643244.7598455705,0.1826334158072178,0.16953592699194645
280500.0,324701.0280641796,332231.4188914798,0.15757942268869726,0.1844257357985019
349000.0,321293.81892432994,331452.0510891974,0.07938733832570218,0.05028065590487852
310000.0,280336.68556713423,287386.93777088256,0.09568811107376053,0.07294536202941108
224000.0,271802.7413776881,254787.84556501938,0.21340509543610747,0.1374457391295508
513000.0,466809.45152614143,468409.05962481396,0.0900400555045976,0.08692191106274082
353000.0,334822.83648499823,313508.852550013,0.05149338106232795,0.11187293895180456
330000.0,290718.86259902903,311252.9069345981,0.11903374969991203,0.05680937292546027
448000.0,415924.76381434256,447514.42563738435,0.07159650934298536,0.0010838713451242126
573300.0,504716.29989631445,477395.4017288683,0.11962968795340233,0.1672851879838334
314950.0,233596.0680147255,244563.24479785122,0.2583074519297492,0.22348549040212345
799900.0,828787.9293174077,857352.4991941691,0.036114425950003325,0.07182460206796983
721000.0,630579.8175731078,630208.0426555602,0.12540940697211125,0.12592504486052677
765000.0,712410.4262964258,679690.2218926116,0.06874454078898595,0.11151604981357963
268000.0,247369.59090573934,251580.12502829626,0.07697913841142036,0.06126819019292441
500000.0,520055.34156904893,552507.1072242584,0.04011068313809787,0.10501421444851672
865000.0,742790.629939595,736725.7581516532,0.14128250874035259,0.14829392121196158
555000.0,507512.86847776384,511864.9679086535,0.08556239913916425,0.07772077854296669
380500.0,373742.26551437995,391027.4300817578,0.017760143194796452,0.027667358953371288
252000.0,293241.0683412458,307808.92048340314,0.1636550331001818,0.22146397017223468
1050000.0,1544364.1912515238,1586310.6287753424,0.4708230392871655,0.510772027405088
515000.0,468617.78439495305,449310.6742546209,0.0900625545729067,0.12755208882597882
595000.0,530471.6606343829,526795.0634073421,0.10845099053044897,0.11463014553387887
655000.0,558504.1031301866,570032.4722662416,0.14732197995391366,0.12972141638741747
525000.0,527714.1297492657,481513.1515562122,0.005169770950982347,0.08283209227388148
390000.0,336538.45812983386,334783.944023479,0.1370808765901696,0.14157963070902818
446000.0,380832.35625006474,369549.5326849268,0.14611579316128984,0.17141360384545556
1442500.0,732718.8285081475,735942.1264185137,0.4920493389891525,0.4898148170408917
725000.0,709483.9440942518,697750.1279098447,0.021401456421721598,0.03758603046917967
289950.0,255545.37470775205,252257.43516251745,0.11865709705896861,0.12999677474558563
990000.0,1048591.6864176746,1050456.5486530103,0.059183521634014795,0.061067220861626546
333500.0,330803.27508184995,327180.1453360907,0.008086131688605853,0.01895008894725426
750000.0,595166.0988423177,600828.4032471813,0.2064452015435764,0.19889546233709157
329900.0,382564.8805272544,378948.8940894023,0.1596389224833417,0.1486780663516286
1135000.0,1002103.8351576864,1033214.5106680588,0.11708913201965958,0.08967884522637995
460000.0,423527.0178209032,402642.37882689835,0.07928909169368865,0.12469048081109055
200000.0,333446.4554028576,331995.8758227264,0.6672322770142881,0.659979379113632
630000.0,661652.2131699999,679879.4072716745,0.05024160820634903,0.07917366233599124
385000.0,348428.5178135338,343038.13454023574,0.0949908628219902,0.10899185833705002
280000.0,239163.63941557263,262786.6052179461,0.14584414494438347,0.061476409935906744
367999.0,363677.487937057,365393.5687936514,0.011743271212538667,0.007079995343325892
287000.0,254058.88960280662,253451.12763066636,0.11477738814353093,0.11689502567712068
530000.0,481931.8426064076,482507.94994257396,0.0906946365916838,0.08960764161778498
475000.0,462929.28670730523,474083.54649826343,0.025412027984620562,0.0019293757931296224
432000.0,418028.60372728464,441460.82962793834,0.03234119507572999,0.02190006858319059
600000.0,497151.720255952,524034.039893358,0.17141379957341338,0.12660993351106997
300500.0,286529.5776446653,284351.5007169905,0.046490590200780973,0.053738766332810314
560000.0,409994.6180678004,386907.5207206019,0.2678667534503564,0.3090937129989252
439500.0,367356.1347095206,362628.5120268882,0.16414986414216015,0.17490668480799043
706000.0,640449.0864868297,637298.2138720658,0.092848319423754,0.09731131179594084
359000.0,357614.7273734475,367875.6523769052,0.003858698124101666,0.024723265673830642
350000.0,351955.8571596555,362851.6290412771,0.00558816331330138,0.036718940117934584
513000.0,581939.9510697715,575385.9660290468,0.1343858695317184,0.12161007023206004
455000.0,425822.0171414864,437899.84119512205,0.06412743485387604,0.03758276660412737
710200.0,713533.6394089037,669894.8464021282,0.004693944535206508,0.05675183553628805
333760.0,375369.1340570969,396040.3336338522,0.1246678273522798,0.18660215014936538
310000.0,310631.65956077236,317686.59182075167,0.0020376114863624437,0.024795457486295698
240000.0,249848.6676105783,262757.32531523943,0.04103611504407624,0.09482218881349763
1302000.0,1166539.3874164943,1125784.2212445228,0.10404040905031159,0.13534237999652624
665000.0,628462.4942990004,664627.6148439134,0.05494361759548818,0.0005599776783257835
425000.0,526658.5612643904,536824.994912262,0.23919661473974202,0.2631176350876752
439000.0,409761.3985457549,408621.82484202203,0.06660273679782483,0.06919857666965368
585000.0,648479.7117161362,640654.3742646285,0.10851232771989093,0.09513568250363848
365000.0,391342.4138582058,408655.6750048412,0.07217099687179665,0.11960458905435939
990000.0,877771.3065679069,924120.804327896,0.11336231659807387,0.06654464209303436
499950.0,566968.2720650603,598063.1379345533,0.13404994912503315,0.19624590045915255
400000.0,403704.83661755966,415204.4467655141,0.00926209154389915,0.038011116913785226
398096.0,390539.1325805987,386150.11253366474,0.01898252536926093,0.030007554625857236
399950.0,381330.0789009099,378783.2593041208,0.04655562220050025,0.052923467173094665
938000.0,860461.0986436278,891905.4902595078,0.08266407394069528,0.04914126838005566
1200000.0,1027953.8682874149,933067.964679753,0.14337177642715426,0.22244336276687254
354000.0,366383.8011788169,367296.3556518628,0.0349824892056974,0.03756032670017741
485000.0,487443.10316627886,486936.72792700015,0.005037326116038885,0.003993253457732259
795000.0,784434.9851534921,829864.6454690798,0.013289326850953366,0.04385489996110672
289999.0,300723.72943036526,286909.8490880513,0.036981953145925534,0.010652281255965372
894000.0,825052.2305906567,833929.5111632423,0.07712278457420946,0.06719294053328605
915000.0,1059482.601375216,1027059.6540193837,0.15790448237728516,0.12246956723429914
785000.0,771928.8909875802,728639.3460653552,0.016651094283337355,0.07179701138171309
305000.0,300308.912653322,303525.8926041103,0.015380614251403336,0.00483313900291706
433190.0,415292.5381655998,409106.84198287607,0.041315500898913164,0.05559490758587209
696000.0,542703.3793514952,557884.3567614004,0.22025376529957588,0.19844201614741327
630000.0,537876.0351642563,539722.8754276333,0.1462285156122915,0.1432970231307408
400000.0,396091.83644849184,384306.321815003,0.009770408878770395,0.039234195462492495
901000.0,428047.75566562946,432645.9274776048,0.524919250093641,0.5198158407573753
965800.0,934911.8293293073,987542.5913407883,0.03198195347969838,0.02251251950796054
730000.0,713025.0776669397,748745.7992035566,0.023253318264466163,0.025679176991173443
452000.0,375198.6705519046,381903.48831100855,0.169914445681627,0.15508077807298992
824500.0,739849.4892989222,750668.1202662945,0.10266890321537629,0.08954745874312377
1081000.0,942233.2470374367,860812.4319131766,0.12836887415593276,0.2036887771385971
450000.0,404689.4207804408,411956.6607872771,0.1006901760434649,0.08454075380605089
535000.0,546761.5274155006,531498.0783536739,0.021984163393459075,0.006545647937058097
430000.0,445141.1584313601,438579.13700248767,0.03521199635200021,0.01995148140113411
464950.0,413643.12702342204,391732.9073766116,0.11034922674820509,0.15747304575414214
445000.0,376914.0947595043,394376.9543745908,0.1530020342483049,0.11375965309080725
675000.0,609630.4799922849,569644.7578600551,0.09684373334476311,0.15608184020732582
1350000.0,1070656.3879567105,995712.4682290491,0.20692119410614035,0.2624352087192229
1550000.0,1413911.8626015503,1343550.411212608,0.08779879832158045,0.13319328308864
1350000.0,1165821.3080764997,1303404.8047766995,0.13642866068407428,0.03451495942466703
229999.0,214702.17642618495,223336.80900087615,0.06650821774796871,0.02896617376216353
589999.0,561140.1052583563,574948.3345366142,0.04891346382221611,0.025509645717002493
389950.0,334575.2273516774,333200.263681587,0.14200480227804238,0.14553080220134118
785000.0,728929.1756635662,666217.595353519,0.07142780170246342,0.1513151651547529
503500.0,498819.8340203274,503564.25008359976,0.009295265103619806,0.00012760691876814986
730000.0,631863.4998275312,616196.8732741007,0.13443356188009428,0.15589469414506751
545000.0,551479.4908078581,590545.0692717318,0.011888973959372592,0.08356893444354453
515000.0,464266.49654601014,474654.30505852116,0.09851165719221333,0.0783411552261725
280400.0,247856.6065934131,252228.67292230067,0.11606060416043829,0.10046835619721588
309000.0,303135.9855740494,303492.90161835577,0.018977392964241394,0.01782232485969007
1125000.0,1198471.6176937858,1202213.9912177708,0.0653081046166985,0.06863465886024075
1025000.0,859616.3140308894,913667.6188366021,0.1613499375308396,0.10861695723258334
461550.0,409282.6110339302,428414.9935498618,0.11324317834702587,0.07179071920731919
650000.0,613586.906220275,574203.1578790916,0.05602014427650003,0.11661052633985913
334900.0,346739.6624542025,381532.2502196765,0.03535282906599725,0.13924231179359967
700000.0,721788.331644913,700703.3986350562,0.031126188064161356,0.0010048551929374558
284200.0,240989.54915091596,242294.30660987104,0.15204240270613667,0.14745141938820885
255000.0,240434.1439260164,272488.41218584205,0.057121004211700376,0.06858200857192963
525000.0,509640.46619724424,508357.1444204549,0.02925625486239192,0.031700677294371586
368500.0,358887.8760175652,377023.9459145273,0.026084461282048308,0.023131467882027912
680000.0,566628.4559521648,506282.1939225211,0.16672285889387525,0.2554673618786455
515000.0,516110.19280530047,482823.7707766986,0.00215571418504945,0.06247811499670175
340000.0,373471.4931657533,381101.0681133221,0.09844556813456858,0.12088549445094729
1824100.0,1661054.5320033836,1696479.972502673,0.08938406227543248,0.0699632846320525
1180000.0,1078790.9940588623,1110285.203784827,0.08577034401791328,0.05908033577557042
299500.0,234609.55766106892,248449.91606269934,0.21666257876103867,0.17045103151018584
875000.0,856305.4947450917,842307.8395770441,0.021365148862752398,0.03736246905480671
438000.0,420407.57446054195,417322.88416318793,0.04016535511291793,0.04720802702468509
920000.0,869245.7862049923,859271.6299133734,0.05516762369022573,0.06600909792024633
960000.0,982271.212224198,968497.5163718808,0.023199179400206292,0.008851579554042473
729000.0,726970.9801021474,714720.4224325577,0.0027832920409500118,0.01958789789772609
395350.0,412429.0215158309,423701.5151000689,0.04319975089371667,0.07171244492239504
555000.0,559670.7333534233,548906.3813739709,0.00841573577193388,0.010979493019872277
302100.0,249202.2412330548,238148.10840886977,0.17510016142649848,0.21169113403220866
645000.0,578728.4225262237,584084.8009378867,0.10274663174228883,0.09444216908854776
335000.0,239019.20933096745,259646.18603886478,0.2865098228926345,0.22493675809294097
575000.0,474493.0388322368,484304.10730130284,0.1747947150743708,0.15773198730208202
440000.0,408701.90823191754,453395.07419984136,0.07113202674564197,0.030443350454184902
550000.0,498271.2643506766,504596.9487378385,0.09405224663513342,0.08255100229483912
957000.0,687444.4420985704,686389.8082599788,0.2816672496357676,0.2827692703657484
518000.0,425302.9514153475,373733.6571398669,0.17895183124450287,0.27850645339794033
305000.0,293268.56959047884,292655.85858470266,0.0384637062607251,0.04047259480425359
365000.0,310201.10633363423,308065.4893081106,0.15013395525031717,0.15598496079969695
1199500.0,1151100.9009488388,1204444.8537722044,0.0403493947904637,0.0041224291556518295
175000.0,189400.59136795375,195355.10083905247,0.08228909353116427,0.11631486193744266
807500.0,826582.2128609804,804609.8403972646,0.023631223357251294,0.0035791450188673987
502000.0,474899.93987031776,488189.31302320544,0.05398418352526343,0.02751132863903299
545000.0,472542.88620509254,472071.4910616113,0.13294883265120636,0.13381377786860316
788500.0,554299.3087339395,574376.1029276556,0.29702053426260044,0.2715585251393081
430000.0,418300.5652316719,439936.79780510714,0.027207987833321148,0.023108832104900327
570000.0,428437.1582880224,432162.2725912627,0.2483558626525923,0.2418205744012935
458500.0,453887.6256702535,443204.2651739743,0.010059704099774322,0.03336038129994706
240000.0,249068.42457078912,237932.14054002712,0.03778510237828802,0.008616081083220343
172500.0,273045.17554422753,271217.36746804963,0.5828705828650872,0.572274594017679
450000.0,428120.7878988978,422111.96907475014,0.04862047133578272,0.06197340205611079
258000.0,228073.39741155203,223466.53771255698,0.11599458367615494,0.13385062902109698
485000.0,684383.407527704,633404.9417586311,0.4110998093354722,0.3059895706363529
284900.0,271430.23176728317,284817.0555063726,0.047278933775769846,0.00029113546376766764
285000.0,256373.11373574787,263849.32368956535,0.10044521496228817,0.0742128993348584
411000.0,411700.635669606,392652.93699019117,0.0017047096584087132,0.044640055984936325
1000000.0,718293.6880873968,730426.002911552,0.2817063119126032,0.26957399708844804
560000.0,506406.114239855,511003.3911906089,0.09570336742883041,0.0874939443024841
765000.0,594428.7572161073,575300.8570559305,0.22296894481554597,0.2479727358746006
427000.0,470189.79871513956,487201.99185613065,0.10114706959049079,0.14098827132583291
660000.0,631804.4756985647,617528.4718452394,0.04272049136581111,0.06435080023448575
1211000.0,1064222.2418917574,1049994.0120963918,0.12120376392092704,0.1329529214728392
680000.0,629477.9583491574,658414.3516284938,0.07429712007476859,0.03174360054633272
222000.0,197026.30028908933,203023.07924249064,0.11249414284193997,0.08548162503382595
279900.0,384435.9517454473,386312.5220363919,0.37347606911556736,0.3801805003086527
1355000.0,1205607.1611213745,1180864.4716203492,0.11025301762260187,0.12851330507723305
295000.0,282581.90606763895,281666.20615686645,0.04209523366902051,0.045199301163164576
321000.0,298602.65521732485,312192.4397100806,0.06977365975911262,0.027437882523113324
405000.0,403489.15470136824,413583.64229272027,0.0037304822188438443,0.021194178500543864
750000.0,708658.2373563298,691573.3518435333,0.05512235019156026,0.07790219754195554
450000.0,371328.56383875187,360617.98079935554,0.17482541369166252,0.19862670933476545
264950.0,278772.450080467,290707.4293245063,0.0521700323852311,0.09721618918477568
1015000.0,909937.190845095,929749.8469795682,0.1035101568028621,0.0839902985422973
442000.0,433729.9882557369,414038.42051426996,0.018710433810550035,0.06326149204916298
680000.0,647586.0990324233,670859.2056499775,0.04766750142290685,0.013442344632385956
465000.0,331405.0079084677,341400.13959193503,0.2873010582613597,0.2658061514151935
830000.0,752291.282935587,778049.9348506737,0.09362496031856989,0.0625904399389474
780000.0,788358.4110664269,817154.1158711393,0.010715911623624225,0.04763348188607607
585000.0,571065.8843272197,578677.8287989156,0.023819001150051825,0.010807130258263917
336950.0,296255.4375718572,301291.94079943653,0.12077329701184988,0.10582596587197943
264900.0,288760.43725254934,293391.715085323,0.09007337581181328,0.10755649333832777
281000.0,236967.87306968498,249836.47146663762,0.15669796060610328,0.11090223677353159
515000.0,344655.53149305575,353576.80631701427,0.33076595826591115,0.31344309453006935
754300.0,676701.9273156272,639985.009133352,0.10287428434889669,0.15155109487822888
230000.0,206806.7681517315,213871.0967965753,0.10084013847073264,0.07012566610184655
800000.0,780332.4000349569,777669.3451087284,0.024584499956303917,0.02791331861408951
501000.0,489238.52251295577,492902.73052498227,0.023476002968152165,0.01616221452099348
745000.0,678682.2373382128,649914.9430453674,0.08901713108964728,0.1276309489323928
290750.0,260964.47975716562,279497.3806132783,0.10244374976039339,0.0387020443223446
782500.0,873849.7446556728,857916.9861891929,0.11674088773887899,0.09637953506606116
224000.0,173502.13836565753,190110.72990947057,0.22543688229617173,0.15129138433272069
355000.0,328862.89500045456,309259.5513393314,0.07362564788604349,0.1288463342554046
295000.0,263923.86027033656,265233.5131807217,0.105342846541232,0.10090334515009584
549900.0,539945.6563980627,570482.5896124977,0.01810209783949316,0.03742969560374198
313500.0,313438.2528872782,315752.04427333,0.0001969604871508352,0.0071835543008931906
339000.0,300396.55807022704,297759.32223244605,0.11387445996983174,0.12165391671844823
699000.0,636777.1194293948,616550.7928398533,0.08901699652447091,0.11795308606601813
1110000.0,840616.6558683546,860944.9605903575,0.24268769741589674,0.22437390937805626
635000.0,645526.5707173874,660413.1654415373,0.016577276720295065,0.04002073297879886
430000.0,358094.1808038294,383676.5377589988,0.16722283533993162,0.10772898195581673
441500.0,389788.61057868786,400937.78295900417,0.11712658985574663,0.09187365128198377
1600000.0,1046625.0340417114,1097592.6398771983,0.3458593537239304,0.3140046000767511
707000.0,656024.329259905,668858.50486831,0.07210137304115272,0.05394836652289965
320000.0,301093.128555009,312148.440732063,0.0590839732655968,0.02453612271230304
754000.0,1074631.3176121216,1059708.2510405378,0.4252404742866334,0.4054486088070794
308000.0,376428.18151505606,399288.71396795264,0.22216942050342875,0.2963919284673787
1583000.0,1438963.0359895905,1475427.1111140507,0.09098986987391633,0.06795507826023327
213000.0,202196.29410244094,197063.72143825638,0.05072162393220217,0.07481820921006392
620000.0,507043.04267366295,501599.91741885734,0.18218864084893074,0.19096787513087526
282000.0,290199.44150132587,309112.57346337975,0.02907603369264493,0.09614387752971544
255000.0,331340.87877112743,323828.8597724342,0.2993759951808919,0.2699170971468009
820875.0,716862.1067047231,740433.3501913917,0.1267097832133722,0.09799500509652304
403000.0,379199.474505133,378487.65335504594,0.05905837591778413,0.060824681501126694
425000.0,368939.87360508845,335693.5335040958,0.13190617975273305,0.210132862343304
327000.0,349568.09285980824,358910.1965930696,0.06901557449482643,0.09758469906137489
380000.0,350336.89932938106,365379.98941613507,0.07806079123847089,0.03847371206280245
718000.0,800009.1139199729,801621.5492070196,0.11421882161556116,0.11646455321311924
150000.0,166965.70777444082,182980.5397184158,0.11310471849627211,0.2198702647894386
303000.0,287346.1996683772,290289.2543875752,0.05166270736509184,0.04194965548655049
490000.0,417270.35129199503,430166.355642149,0.14842785450613258,0.12210947828132859
1078000.0,724333.5900502001,744683.8549388186,0.3280764470777364,0.3091986503350477
712500.0,618950.7869756153,592301.2899654589,0.1312971410868557,0.16869994390812784
239000.0,218192.35463628417,227309.50238961313,0.08706127767245116,0.04891421594304129
817500.0,713938.2568802966,709098.115406053,0.1266810313390867,0.1326016936929015
530000.0,432331.3011179742,373439.7590662228,0.18428056392835054,0.29539668100712674
289500.0,329683.674484381,383095.51286164107,0.1388037115177236,0.3233005625617999
1215000.0,976421.8169192594,1060440.1339637835,0.19636064451089763,0.12720976628495184
539000.0,488168.2215495564,503943.6556223427,0.0943075666984111,0.06503959995854783
420000.0,393434.058097625,398593.6067831942,0.06325224262470244,0.050967602897156725
792000.0,638152.1992707575,643414.6143807037,0.19425227364803346,0.18760781012537417
965000.0,796867.7511295464,815857.8602308321,0.17423030971031458,0.1545514401753035
499160.0,430524.0621904002,436382.73203205573,0.13750288045836964,0.1257658225177183
580000.0,560570.9139462259,564519.9074266318,0.033498424230645016,0.02668981478166935
589000.0,616292.1415385117,598354.2548836509,0.04633640329119139,0.015881587238796135
290000.0,294101.0548358287,291939.9044980958,0.014141568399409377,0.006689325855502754
260000.0,274991.76129761495,279982.24249593314,0.05766062037544213,0.07685477883051207
390000.0,362366.42881246435,365019.90205562406,0.0708553107372709,0.06405153319070754
780000.0,653603.5481802642,662215.5167399658,0.1620467331022254,0.15100574776927467
425000.0,391831.62074905157,406391.35480733577,0.07804324529634926,0.043785047512151135
359000.0,305106.9371278261,314219.7800995373,0.15011995229017802,0.1247359885806761
195000.0,292856.6444181245,319940.26382338884,0.5018289457339719,0.6407193016584043
800000.0,704992.7436611608,680131.4844988658,0.11875907042354898,0.14983564437641778
731500.0,702392.3555041162,709429.8544642488,0.039791721798884266,0.0301710807050598
630000.0,566658.1871668737,564982.12847495,0.1005425600525814,0.10320297067468258
1250000.0,779851.6362422798,790550.244438112,0.3761186910061762,0.36755980444951036
575000.0,560207.1898623317,554881.1291979179,0.02572662632637961,0.034989340525360214
550000.0,443199.4510791292,469831.1120072953,0.19418281621976513,0.14576161453219036
600000.0,477834.3235349482,506011.3156520678,0.2036094607750863,0.15664780724655372
135000.0,243138.1079957778,237875.98723097672,0.8010230221909467,0.7620443498590869
248000.0,335814.17492211977,365213.9583694042,0.35408941500854746,0.47263692890888787
585000.0,553531.2801494133,544358.8511144221,0.053792683505276453,0.06947204937705627
330000.0,368654.82096483436,384095.78271746676,0.11713582110555867,0.16392661429535382
875000.0,843893.392178504,866979.4375197466,0.035550408938852536,0.009166357120289601
325000.0,262824.08141594345,285671.73176825827,0.191310518720174,0.12101005609766688
400000.0,361733.81476463244,365561.7620081228,0.0956654630884189,0.08609559497969298
365000.0,346733.4929628789,332511.4776125401,0.0500452247592359,0.0890096503766024
1052000.0,943234.496454726,1026885.5131360206,0.10338926192516543,0.023873086372603967
965000.0,933592.3485190778,917950.3894914828,0.032546789099401285,0.04875607306582098
990000.0,988513.4914473563,992792.9996854465,0.0015015237905491952,0.002821211803481312
257000.0,350101.0782868856,363285.11948164133,0.3622610050073369,0.41356077619315695
212000.0,313220.4349513263,301505.99439597945,0.4774548818458787,0.42219808677348797
620000.0,676037.4729424807,661732.2371915207,0.09038302087496887,0.06731005998632379
420000.0,556121.1748850903,575245.3384503236,0.32409803544069127,0.3696317582150561
1031000.0,867466.698068449,873534.9330790413,0.15861619973962265,0.15273042378366508
299000.0,265064.3393645771,270538.6545309622,0.11349719276061175,0.0951884463847419
679990.0,649577.8623991644,607357.1497213233,0.044724389477544736,0.10681458591843515
383900.0,376875.34261333285,380435.7803271053,0.018298143752714647,0.00902375533444826
375000.0,354489.0128382057,330450.7489331762,0.054695965764784873,0.11879800284486342
305000.0,290499.51386936475,293925.1580179048,0.04754257747749264,0.03631095731834495
1098000.0,1040688.7992979914,1071385.7108141864,0.05219599335337756,0.024238879039903124
1200000.0,1101972.68134961,1162975.5194373028,0.08168943220865835,0.030853733802247638
840000.0,847063.7292806669,826422.7108234063,0.008409201524603468,0.01616343949594482
499000.0,471451.5393260664,500084.1306418718,0.055207336019907044,0.0021726064967370184
1050000.0,862575.3049240601,837770.0689160539,0.1784997095961332,0.20212374388947252
585000.0,432757.4128310619,437446.7005651412,0.2602437387503215,0.2522278622818099
454450.0,414792.0313622733,426469.1872801305,0.0872658568329336,0.061570717834458104
364950.0,325305.017876747,335704.53264273866,0.10863127037471706,0.08013554557408231
750000.0,619837.0017218738,622417.0021384743,0.173550664370835,0.17011066381536766
279950.0,284390.28123828216,281585.9903023083,0.015860979597364377,0.005843866055753841
225000.0,184851.83890072376,200563.56723232492,0.17843627155233885,0.10860636785633371
195000.0,193038.63110831025,205039.10987350217,0.010058302008665393,0.051482614735908545
349000.0,318543.23493207997,322049.7643652794,0.08726866781638977,0.07722130554361202
616000.0,579452.7214596926,591077.6529495704,0.0593299976303692,0.04045835560134668
852000.0,729485.6540384538,746636.793352585,0.1437961807060401,0.12366573550166074
362500.0,444942.40018679784,403759.37746076233,0.22742731086013196,0.11381897230555127
670000.0,639988.1491828341,640226.9278946187,0.04479380718979988,0.044437421052807895
864000.0,855746.5702985303,904025.2354961302,0.009552580672997364,0.04632550404644698
258000.0,271307.4750481603,249251.57858269068,0.0515793606517841,0.03390861014460977
467000.0,464957.5703793459,469497.3323253079,0.00437351096499805,0.005347606692308105
1236000.0,924058.2222519325,892424.1098668391,0.252380079084197,0.277974021143334
340000.0,351005.9157705755,339814.91722186434,0.032370340501692706,0.0005443611121637172
299950.0,300539.75280293793,308144.48464389204,0.001966170371521693,0.02731950206331734
421000.0,312239.6522207661,308164.05938083533,0.25833811824046055,0.2680188613281821
352499.0,334741.3263202178,342914.1612642718,0.05037652214554422,0.02719110901230408
1150000.0,932701.5391723947,943595.5967280222,0.18895518332835246,0.1794820898017198
476500.0,468293.46220755985,472978.96620440064,0.01722253471655856,0.007389367881635593
585000.0,606372.8802616023,590370.5404761782,0.03653483805402111,0.009180411070390032
485000.0,482397.8112308375,489591.51758849696,0.005365337668376322,0.009467046574220546
394950.0,361798.6871750403,357866.63591188996,0.08393799930360728,0.09389381969391074
294000.0,280272.7834794673,280252.2123781054,0.04669121265487304,0.04676118238739666
182500.0,250431.36484544192,250192.54399382576,0.37222665668735294,0.37091804928123706
375000.0,361661.1523515304,379120.5568631622,0.03557026039591897,0.010988151635099202
750000.0,728209.9840584248,687182.7468134909,0.029053354588766893,0.08375633758201217
846450.0,808557.908522968,810267.1319749415,0.0447658945915672,0.0427466099888458
110000.0,154653.1996448422,182651.78577958458,0.4059381785894747,0.6604707798144053
380000.0,463140.25640649686,448344.34431773203,0.21879014843814965,0.1798535376782422
543000.0,577987.515693444,570359.0507581291,0.06443373055882863,0.05038499218808306
325000.0,317264.2797051584,313837.8884094821,0.02380221629182038,0.03434495874005513
763000.0,699068.7757660006,717457.2952677283,0.08378928471035306,0.05968899702787907
289000.0,234579.88671815715,244024.57465732744,0.18830489024859115,0.15562430914419573
613500.0,637126.9170127447,679662.8689224194,0.038511682172363,0.107844937118858
304000.0,278382.60826422623,281296.29392968776,0.08426773597294002,0.0746832436523429
1130000.0,924921.4897110736,971874.3263243057,0.1814854073353331,0.13993422449176485
306000.0,377207.39083817834,355801.1309234526,0.2327038916280338,0.1627487938674922
230000.0,246465.59332905847,259324.1260106392,0.07158953621329768,0.12749620004625734
700000.0,604011.0375830922,583057.2411532504,0.1371270891670111,0.16706108406678508
550500.0,498521.24471552955,532243.9924380849,0.09442099052583187,0.03316259320965502
280000.0,253942.51222549158,254576.02978297643,0.09306245633753009,0.09079989363222703
700000.0,657636.5117739306,634262.3822292453,0.06051926889438482,0.09391088252964962
540000.0,531774.3264090143,547775.792867033,0.015232728872195758,0.014399616420431563
870000.0,801230.9380300593,859009.6333226934,0.07904489881602375,0.012632605376214474
450000.0,434958.03363485244,409108.47299006296,0.033426591922550125,0.09087006002208231
472000.0,482794.3388146957,481205.9298835529,0.02286936189554177,0.01950408873634087
345000.0,328284.58086379134,323349.31159610307,0.048450490249880164,0.06275561856202008
270000.0,242808.8367579946,254379.97438692392,0.10070801200742738,0.0578519467150966
498000.0,515433.8870114421,479707.47898074193,0.03500780524385964,0.036731969918188896
280000.0,254961.2480601981,259822.80997750477,0.0894241140707211,0.07206139293748295
390000.0,415233.10632844304,400538.4506653835,0.06470027263703344,0.02702166837277816
335000.0,326790.54132821364,339861.75395736896,0.02450584678145181,0.014512698380205843
635000.0,583076.8438260485,572402.5362596355,0.08176874988023852,0.09857868305569217
385000.0,385769.52669767453,382689.76041506534,0.001998770643310476,0.006000622298531597
412450.0,535884.3904991057,524194.721506634,0.29927116135072296,0.2709291344566227
675000.0,608591.0580058382,567646.5586849573,0.09838361776912861,0.1590421352815447
688000.0,622894.549803328,617967.5825183465,0.09463001482074418,0.10179130447914754
695000.0,676278.426473801,689682.4259032318,0.026937515865034498,0.007651185750745558
565000.0,789986.4645081557,754685.7669647476,0.398206131872842,0.33572702117654435
608095.0,863677.6601011101,789753.5288405428,0.4203005453113578,0.29873379791075866
250000.0,244630.47937735321,248490.28269571997,0.021478082490587143,0.006038869217120111
663000.0,664179.218474871,650616.6977268991,0.0017786100676787531,0.018677680653244256
435000.0,383678.62139845034,409728.60818205954,0.11798018069321761,0.05809515360446082
645000.0,770116.2126703802,821157.3131521165,0.1939786242951632,0.2731121134141341
160000.0,380372.42458977643,373076.14182274684,1.3773276536861028,1.3317258863921677
339000.0,271508.0971784738,285854.4066139342,0.19909115876556407,0.1567716619057988
345000.0,448253.7902116227,429613.1953407934,0.29928634843948615,0.24525563866896638
885000.0,799425.4497670789,781706.4915298279,0.09669440704284875,0.11671582877985544
415000.0,410319.64875593095,409589.3924352357,0.011277954804985672,0.013037608589793427
210000.0,243545.91564878888,244507.02550958205,0.15974245547042326,0.16431916909324784
465000.0,402746.58784257853,412099.84366876935,0.13387830571488488,0.11376377705641001
399000.0,352906.1129779065,350470.9760896545,0.1155235263711617,0.12162662634171807
361000.0,431406.2077339315,418648.57658308675,0.19503104635438084,0.15969134787558656
1305000.0,1250821.556165759,1344690.8615432994,0.04151604891512722,0.030414453289884597
967000.0,960612.3148551122,902860.4837529056,0.00660567233183844,0.06632835185842231
587450.0,637185.2685141539,643278.34661223,0.0846629815544368,0.09503506104728904
1115000.0,1021956.330205643,985378.6479331189,0.08344723748372829,0.11625233369227007
239000.0,181837.2409573902,200830.98815091874,0.23917472402765608,0.15970297844803874
500000.0,535175.4383688228,546980.8472224011,0.07035087673764559,0.09396169444480212
480000.0,434992.71901537926,430962.5682406789,0.09376516871795987,0.10216131616525223
600000.0,535734.7190025662,592965.8871106599,0.10710880166238969,0.011723521482233578
755000.0,746731.5323877097,707471.0966602899,0.010951612731510317,0.06295218985392065
267100.0,253434.8468666866,271803.93410236493,0.051161187320529405,0.017611134789835014
439950.0,374851.62612157885,388615.2196483446,0.1479676642309834,0.1166832148008987
210000.0,273135.7172954869,297870.69104870607,0.3006462728356518,0.41843186213669553
425000.0,349596.225765122,351604.5452021405,0.1774206452585365,0.17269518775966936
400000.0,432944.11543755827,409910.44967511157,0.08236028859389567,0.024776124187778914
1400000.0,1144767.8656755192,1126517.3210631385,0.18230866737462914,0.19534477066918676
990000.0,865301.432137883,889812.9121830808,0.1259581493556737,0.10119907860294869
700000.0,756494.1639553686,767864.2040401543,0.08070594850766938,0.09694886291450622
455000.0,437914.04920382827,494154.39005519386,0.037551540211366446,0.08605360451690958
332500.0,269638.6817457921,278962.0990978226,0.18905659625325685,0.1610162433148192
631500.0,615001.9278600105,603240.0017506774,0.026125213206634156,0.04475059105197568
422000.0,334764.41400060116,348312.3005736185,0.20671939810284085,0.17461540148431634
400000.0,541304.1385290871,721013.6136707899,0.3532603463227177,0.8025340341769747
557000.0,533552.6698652788,523099.81518903683,0.04209574530470599,0.06086209122255506
387500.0,367698.7006049886,379639.16027010645,0.05110012747099713,0.020286038012628505
742500.0,698730.0314985155,718118.2379668175,0.05894945252725183,0.0328373899436802
548000.0,384774.6558054554,402344.0819016114,0.29785646750829303,0.2657954709824609
273500.0,214271.50878501267,229469.14352110043,0.21655755471658986,0.16099033447495273
517000.0,481002.6341831503,487304.4160715691,0.06962740003259128,0.057438266786133306
689500.0,578200.877485614,582274.340929109,0.16142004715646985,0.1555121958968687
314950.0,271112.65212217794,272318.513811302,0.13918827711643772,0.13535953703349096
452100.0,502819.6904590128,461306.9335009921,0.11218688444815927,0.02036481641449254
186375.0,190158.31120522102,231728.95956816224,0.020299456500179853,0.24334787159309051
297500.0,282829.84457371704,280666.55130346824,0.04931144681103516,0.05658302082867819
753000.0,884173.062945207,866444.132362939,0.1742006148010717,0.15065621827747536
485000.0,440731.27957319433,448462.0505269337,0.09127571222021787,0.07533597829498209
359950.0,378115.7469713982,382059.7171837822,0.05046741761744183,0.061424412234427544
2500000.0,1431531.7963997894,1274399.3302692866,0.42738728144008425,0.49024026789228536
398000.0,393962.04998964525,415478.1890194741,0.010145603041092329,0.043915047787623326
475000.0,562096.9380563693,612990.2600008023,0.18336197485551434,0.29050581052800495
395000.0,353488.901682904,332265.72252658586,0.10509138814454685,0.15882095562889656
800000.0,747486.4644895736,761747.7858807946,0.06564191938803299,0.04781526764900671
305000.0,230791.90468901242,241141.77892600076,0.24330523052782815,0.2093712166360631
425996.0,390259.0136769723,390549.98514899163,0.08389042695947309,0.08320738892151186
270000.0,424850.39467490884,433853.2026542164,0.5735199802774401,0.6068637135341347
815000.0,1131476.9684212094,1051464.1739252363,0.3883152986763305,0.2901400907058114
640000.0,538183.4943777849,601389.9320276552,0.1590882900347111,0.06032823120678877
288000.0,230149.1314540637,239054.643247994,0.2008710713400566,0.16994915538890967
295000.0,280754.7588207675,284708.0909133197,0.04828895314994063,0.0348878274124755
760000.0,736370.3531959831,760626.0684815871,0.031091640531601183,0.0008237743178777715
227500.0,224422.70043286853,233143.9766172092,0.013526591503874598,0.024808688427293214
450000.0,519828.45462845685,515910.3780284299,0.155174343618793,0.1464675067298443
660500.0,528670.5898312473,504446.4117842137,0.19959032576646882,0.23626584135622455
567000.0,531200.9001450696,544170.1237016991,0.06313774224855453,0.04026433209576882
175000.0,175430.58824199397,179911.35358606867,0.0024605042399655627,0.028064877634678104
2408000.0,2334878.106914038,2092873.9188705755,0.030366234670250066,0.1308663127613889
705000.0,841200.4008112835,858363.3290427153,0.1931920578883454,0.21753663694002165
1388000.0,1743778.265633543,1650199.336327314,0.2563243988714287,0.18890442098509647
320000.0,316373.67713200033,296661.76423892623,0.011332258962498964,0.07293198675335552
479950.0,418081.2327537879,453170.68002759846,0.12890669287678322,0.05579606203229825
128000.0,223416.72189488413,218881.47601439082,0.7454431398037823,0.7100115313624283
520000.0,569384.7922698448,528711.728339111,0.09497075436508615,0.016753323729059553
280000.0,244651.13580645676,248873.58480553876,0.1262459435483687,0.11116576855164728
420000.0,411786.2526544765,426066.0784122415,0.019556541298865478,0.014443043838670183
300000.0,216431.42667821364,241667.15647355648,0.2785619110726212,0.19444281175481176
712500.0,652154.0034932147,678424.8657222963,0.08469613544811969,0.047824749863443795
329500.0,293519.72914522985,312700.3220345494,0.10919657315559984,0.05098536560076062
280000.0,299818.64919742255,306695.4874941139,0.07078088999079482,0.09534102676469254
359950.0,358169.23765973654,358491.3619476611,0.004947249174228264,0.004052335191940294
389000.0,332845.06839482725,354540.1312419069,0.14435715065597107,0.08858578086913393
830000.0,843937.0061621295,850433.3947228278,0.0167915736893126,0.024618547858828707
435000.0,265021.22369661176,235757.8411458934,0.3907558075939959,0.4580279513887508
490000.0,532726.9021157416,541830.4368658268,0.08719775941988088,0.10577640176699354
280000.0,247598.15785444443,247894.74261545308,0.11572086480555559,0.11466163351623898
213800.0,174100.2285303902,189981.6867364435,0.1856864895678663,0.11140464576032046
502000.0,388035.3176750941,399380.7069117313,0.22702127953168502,0.20442090256627235
226000.0,266678.64068052906,272031.51334699406,0.1799939853120755,0.20367926259731886
320000.0,241325.25967117664,234163.7979759418,0.24585856352757302,0.26823813132518187
275000.0,286719.2542248878,288761.717532489,0.042615469908682965,0.05004260920905085
549950.0,469005.7050129492,493423.08714982826,0.1471848258697169,0.10278554932297797
191000.0,196532.06306052415,188667.2408777151,0.028963680945152597,0.012213398545994167
440000.0,453311.6809190144,455478.48706658045,0.030253820270487234,0.035178379696773746
653000.0,577940.2257160129,601469.9520551424,0.1149460555650645,0.07891278398906221
290000.0,269378.53695922805,275346.83891762624,0.07110849324404121,0.050528141663357784
529950.0,479193.04499292094,468554.574191792,0.09577687519026146,0.11585135542637608
469500.0,415787.72939688095,426220.02953795536,0.11440313227501395,0.09218311067528145
400000.0,374849.72687557095,384591.1140835332,0.06287568281107261,0.03852221479116706
520000.0,423053.786999294,416905.7655178224,0.18643502500135767,0.1982581432349569
215000.0,243780.2016896825,243679.8033784866,0.13386140320782555,0.1333944343185423
818000.0,744895.1644366984,753507.5834765013,0.08937021462506305,0.07884158499205222
330000.0,380450.29243319563,398603.060287292,0.15287967403998676,0.20788806147664243
595000.0,522298.2311658891,538833.430691457,0.12218784678001827,0.09439759547654285
395000.0,348492.2589985586,364467.9759919796,0.11774111645934526,0.07729626331144407
360000.0,364590.44564988295,367559.3517846469,0.012751237916341536,0.020998199401796997
575000.0,599189.2549152795,615781.094377835,0.04206826941787731,0.07092364239623487
350000.0,292056.6415868048,295498.96019554784,0.1655524526091291,0.15571725658414903
354000.0,372008.3904836681,380090.9939226834,0.050871159558384386,0.07370337266294749
807000.0,718488.3724697202,862556.8528852899,0.10967983584916952,0.06884368387272606
500000.0,528938.5922306566,536747.8063434608,0.0578771844613133,0.0734956126869216
513000.0,465451.08472737524,454502.46198890114,0.09268794400121785,0.11403028852066055
425000.0,290530.01557433256,301826.463830757,0.31639996335451165,0.2898200851041011
827000.0,643392.1062795898,636369.4967977818,0.22201680014559877,0.23050846820098939
536500.0,477689.9900174438,474735.9709678819,0.10961791236263974,0.11512400565166467
380000.0,351297.5464642098,345581.97570223233,0.0755327724626058,0.09057374815202018
455850.0,401545.7890046439,389448.79516841914,0.11912736864178147,0.1456645932468594
1459000.0,1178797.8791095838,1090579.4581299627,0.1920508025294148,0.25251579291983367
978000.0,1017687.2422186794,929532.3056277967,0.04058000226858834,0.049557969705729364
283000.0,388487.5657310282,375176.5385029358,0.3727475820884389,0.32571215018705224
512000.0,453997.3760708298,504710.77691192465,0.11328637486166053,0.014236763843897165
335000.0,339360.75532058434,336913.8723656943,0.013017180061445801,0.0057130518378934875
380000.0,389158.70558211004,380416.92215379374,0.02410185679502641,0.0010971635626151079
355000.0,262088.86907567238,274695.1702797508,0.2617214955614863,0.226210787944364
810000.0,757744.1720136261,795621.9148627641,0.06451336788441224,0.0177507223916493
385000.0,409318.11321573704,411687.0959995176,0.06316393043048583,0.06931713246627946
735000.0,568800.2279683853,568242.4307668355,0.22612213881852336,0.22688104657573407
365000.0,296483.0918149096,311369.1144259997,0.18771755667148055,0.1469339330794529
450000.0,510198.63224091067,532877.6626232258,0.1337747383131348,0.1841725836071685
650000.0,627794.1216824148,624578.1697266647,0.03416288971936187,0.03911050811282359
1582500.0,1637890.8625746141,1523065.713983763,0.03500212484967717,0.03755721075275639
385000.0,351518.8650930778,359652.28241017135,0.08696398677122644,0.06583822750604844
525000.0,470705.8764705047,458039.69866464986,0.10341737815141966,0.12754343111495264
1500000.0,1249355.797553726,1396006.214958773,0.16709613496418266,0.06932919002748467
1208000.0,1697155.2245583697,1616243.543698395,0.4049298216542796,0.337949953392711
420000.0,403112.1906852797,414878.19784031005,0.04020906979695303,0.012194767046880831
900000.0,786685.1398246379,731786.406637175,0.12590540019484678,0.18690399262536112
450000.0,376282.4984329146,357787.1937141304,0.16381667014907864,0.20491734730193248
335000.0,238067.6215901374,257177.7625109864,0.2893503833130227,0.232305186534369
505000.0,471064.34505126235,470737.56112097285,0.06719931673017356,0.06784641362183594
309000.0,306918.2073377903,292115.24881144264,0.006737193081584838,0.0546432077299591
863500.0,738093.1910575482,830687.7209555713,0.14523081521997896,0.037999165077508654
335000.0,322386.54851733265,334409.98811809544,0.037652093978111506,0.0017612294982225676
320000.0,354145.4060334533,369431.009233944,0.10670439385454156,0.154471903856075
800000.0,699638.5948910739,658594.2494878462,0.12545175638615766,0.1767571881401923
872750.0,813442.2171939006,792174.0234310697,0.06795506480217633,0.09232423554159876
529000.0,441423.4365128654,432295.1696872843,0.16555115971102946,0.18280686259492576
819000.0,634396.464171385,646679.1368007219,0.2254011426478815,0.21040398437030297
325000.0,270745.8014853882,286875.801715782,0.1669359954295748,0.11730522548990145
580000.0,600797.0967518592,597088.9811709119,0.035857063365274444,0.029463760639503317
470000.0,541420.7185122783,584814.9093031908,0.1519589755580389,0.24428704107061866
410000.0,459019.4706549044,450482.87341925676,0.11955968452415702,0.09873871565672382
288250.0,305415.20703706844,313688.6705428249,0.059549720857132483,0.08825210942870736
330000.0,288156.41556647985,297594.6432695577,0.12679874070763683,0.09819805069831006
1049000.0,776784.9572824619,813039.2967611216,0.25949956407772934,0.22493870661475537
783350.0,868351.2343419207,851439.4698281602,0.10850990533212575,0.08692087805982032
380000.0,350616.33759373496,371699.1013697579,0.077325427384908,0.021844470079584465
840000.0,756218.9170964665,755006.0495035261,0.09973938440896843,0.10118327440056421
300000.0,320047.51696840633,346511.19186224573,0.06682505656135443,0.15503730620748576
455000.0,513519.4433034295,498188.7109059866,0.1286141611064385,0.09492024374942111
415000.0,392852.54895647394,397514.4920211709,0.05336735191211099,0.04213375416585323
250000.0,234001.67829210873,237722.9688709307,0.06399328683156509,0.049108124516277225
450000.0,430716.0388665761,477865.6235431199,0.04285324696316423,0.06192360787359972
275000.0,263322.3890977392,262862.7570439684,0.042464039644584776,0.04413542893102393
330000.0,244109.33351393562,272448.01437862334,0.2602747469274678,0.17439995642841413
466000.0,422078.2615599415,420955.5893377735,0.09425265759669203,0.09666182545542167
212000.0,219169.27351558566,221681.79440617393,0.033817327903705965,0.04566884153855625
494900.0,415142.69790292985,452302.42103708663,0.16115842007894554,0.08607310358236687
754000.0,588560.3064199531,608972.6719168916,0.21941603923083142,0.1923439364497459
256000.0,218652.20926423464,246225.90561108588,0.14588980756158343,0.03818005620669578
437000.0,420741.7784133431,410147.20544853224,0.03720416839051916,0.06144804245187129
399000.0,362495.80962287186,378676.49835612864,0.09148919894017077,0.05093609434554227
795000.0,822252.5778820422,710824.3273155856,0.03427997217866938,0.10588134928857161
805000.0,738604.5187731355,751056.3722109677,0.08247885866691243,0.06701071775035068
475000.0,419947.91844247526,414171.37324427586,0.11589911906847314,0.12806026685415609
310000.0,303481.3298510367,296189.94845953956,0.021027968222462202,0.04454855335632399
729953.0,555555.1233694965,558936.8064708262,0.23891658316426326,0.2342838422873443
190000.0,194224.7799933532,203325.94857903532,0.0222356841755432,0.07013657146860695
612000.0,546584.0717451733,552888.5278721966,0.10688877165821355,0.09658737275784864
350000.0,286612.94387037464,318867.1336387493,0.18110587465607245,0.08895104674643055
325000.0,358872.87516454514,350598.35936077125,0.10422423127552351,0.07876418264852693
415000.0,386083.47447950114,391220.34762218397,0.06967837474819004,0.057300367175460325
320000.0,306951.20457716286,301056.8344514715,0.04077748569636606,0.05919739233915152
487000.0,523266.49365206016,506338.2883931143,0.07446918614386071,0.03970901107415664
655000.0,540467.900859142,553232.9629727337,0.1748581666272642,0.15536952217903258
320900.0,304325.6794346149,289365.5972421114,0.05164948758300126,0.09826862810186539
585000.0,439131.71850201,446794.4644487067,0.24934748974015386,0.23624877872015945
776500.0,628098.6839405841,626693.3088586726,0.19111566781637596,0.1929255520171634
555000.0,427310.34201031015,445757.79462347063,0.230071455837279,0.1968328024802331
600000.0,697718.3724178277,650832.9889809303,0.16286395402971288,0.0847216483015505
670000.0,638303.8349069337,640505.4028178501,0.047307709094128784,0.04402178683902967
638500.0,574361.806228305,584688.6797220601,0.10045136064478469,0.08427771382606092
215000.0,219495.81133004438,233519.93415862735,0.020910750372299444,0.08613922864477838
870000.0,843250.3005688101,847747.3053095951,0.03074678095539071,0.02557780998897118
360000.0,343839.4042697707,341960.77475521143,0.04489054369508134,0.050108959013301584
441000.0,371543.2484945266,396303.71752985887,0.15749830273349977,0.10135211444476447
438000.0,497235.6171208911,470137.1200208201,0.13524113497920345,0.07337242013885872
355000.0,339456.4128960816,344428.29513881257,0.04378475240540402,0.02977945031320404
380000.0,325017.68484275567,339023.4108636888,0.14469030304537983,0.10783312930608212
418500.0,407670.6472686361,413593.1800378151,0.025876589561204078,0.011724778882162189
769000.0,658786.9007133304,673281.2276147163,0.1433200250801946,0.12447174562455621
445000.0,445040.46078245447,392869.02133641945,9.092310663924835e-05,0.11714826665973158
405000.0,281307.2411012241,285032.61234833224,0.3054142195031504,0.29621577197942656
619990.0,598443.4117472304,584567.3540690462,0.03475312223224496,0.05713422140833528
248000.0,306450.3511070472,280656.3358702039,0.2356868996251902,0.13167877367017705
499950.0,424211.72579745203,450435.4377216267,0.15149169757485342,0.09903902845959253
2205000.0,1084397.253231538,1111213.3502491144,0.5082098624800281,0.49604836723396173
835000.0,726935.6601260477,703882.3693663133,0.12941837110652973,0.15702710255531338
457500.0,314822.4406248026,336817.09151911875,0.3118635177599943,0.26378777810028686
488500.0,514956.8480259428,537004.9013214161,0.05415936136324013,0.09929355439389179
270500.0,268591.82478153857,280355.87060943403,0.007054252193942442,0.036435750866669246
825000.0,734979.6533624843,706033.4165070488,0.1091155716818372,0.14420191938539545
625000.0,586253.2976087395,599494.7225061425,0.06199472382601686,0.040808443990172076
980000.0,1020734.9987498139,971321.5089161417,0.04156632525491212,0.008855603146794186
302000.0,216173.75986442054,214264.68470991467,0.28419284813105783,0.29051428904001764
700000.0,526788.7296227226,513982.1936578666,0.24744467196753914,0.26573972334590484
270000.0,239209.75475540568,237442.8361803899,0.11403794535034933,0.12058208822077819
360000.0,333584.1944873456,330011.46673657733,0.07337723753515117,0.08330148128728518
715000.0,709452.0896962674,719168.940756725,0.007759315110115543,0.005830686373042002
465000.0,261436.50266078798,267536.77473911946,0.4377709620198108,0.42465209733522696
225000.0,216679.15545220402,221141.48029445857,0.03698153132353767,0.01714897646907303
554000.0,595994.9233455815,573785.6997610884,0.0758031107320966,0.035714259496549376
316475.0,293911.9032091231,292899.3746389603,0.07129503686192236,0.07449443198053467
697000.0,589081.6912764041,604219.9610808284,0.15483258066513045,0.1331133987362576
300000.0,325994.1477902927,315872.69181612245,0.08664715930097562,0.052908972720408155
303000.0,348642.16598516505,349358.34644794173,0.15063421117216189,0.15299784306251396
410000.0,370106.57779665035,357052.7353301694,0.09730102976426744,0.12913966992641615
815000.0,752189.6744230008,759778.7387914015,0.07706788414355734,0.06775614872220675
547000.0,550634.15692474,562855.4555236333,0.0066437969373673595,0.028986207538634883
1085000.0,1167249.7902499812,1077041.806398061,0.07580625829491357,0.007334740646948291
374900.0,350101.1818882041,351474.7618870719,0.06614782105040244,0.0624839640248816
750000.0,637649.826264402,600504.3495445007,0.14980023164746398,0.19932753394066574
533000.0,503282.51427070214,506881.5794290129,0.05575513270037121,0.04900266523637355
670000.0,659623.0205358908,623318.1647505647,0.015488029050909211,0.06967438096930638
750000.0,783501.355414926,778826.7596149875,0.044668473886567944,0.03843567948665004
255000.0,231352.39516770616,241311.8677264166,0.09273570522468175,0.05367895009248397
449999.0,382216.3679358082,379652.3318585887,0.15062840598355062,0.15632627659486203
418000.0,383212.73872306116,406199.42388618435,0.08322311310272448,0.028231043334487206
337500.0,276447.18692940776,284242.8285537564,0.1808972239128659,0.15779902650738842
595000.0,607156.3993000657,592087.6225815031,0.020430923193387743,0.004894751963860301
351000.0,350593.2017842559,367633.0376874851,0.0011589692756241755,0.047387571759216825
890000.0,944908.2978106871,874531.4420682231,0.06169471664122146,0.017380402170535793
805000.0,621105.0331718029,604965.6643882747,0.22844095258161135,0.2484898579027644
272000.0,221472.8226721232,207082.88118522818,0.18576168135248822,0.23866587799548464
978500.0,994998.7856413631,977315.4087727449,0.016861303670274014,0.0012106195475268912
593567.0,585496.1781800331,581460.4443448873,0.013597153851152257,0.020396274818365447
1348000.0,1083127.0949894632,1089489.9192267328,0.19649325297517564,0.1917730569534623
895000.0,1088898.9533382657,1026380.8213021923,0.21664687523828566,0.14679421374546625
400000.0,423317.58112269687,465904.0537416125,0.05829395280674216,0.16476013435403117
370000.0,395360.79200760997,402508.1905378169,0.06854268110164856,0.08785997442653216
570000.0,592401.8746584787,571128.5683178483,0.039301534488559046,0.001979944417277645
229000.0,247909.85129439726,249597.49387517315,0.08257576984452952,0.0899453881011928
390000.0,318463.6621554744,304178.8879435805,0.18342650729365534,0.22005413347799868
450000.0,423543.11254082195,409066.8667134108,0.05879308324261789,0.0909625184146426
306500.0,301950.82114927366,308496.30672015727,0.014842345353103886,0.006513235628571845
708000.0,513804.2758074848,534750.1863884788,0.27428774603462597,0.24470312656994514
595000.0,513284.1268196767,496077.9847252274,0.1373376019837366,0.16625548785676067
648000.0,569467.8433054899,556255.4954304475,0.121191599837207,0.14158102557029706
1780000.0,1660644.5379482158,1611086.417484485,0.06705363036617087,0.09489527107613198
275900.0,221077.99555353608,229616.2473800821,0.1987024445323085,0.16775553686088407
575000.0,493891.17199244956,475881.38539824414,0.14105883131747904,0.1723801993074015
309933.0,277687.4958616009,291927.4410911524,0.10404024140184844,0.0580950041100742
162248.0,177979.44523463506,190113.823763691,0.09695925518117363,0.17174833442440587
650000.0,712519.1217123952,693132.3191357504,0.09618326417291573,0.06635741405500063
315000.0,255640.11257727517,245845.44984179112,0.1884440870562693,0.21953825447050437
234000.0,277327.3372044014,296818.8337409323,0.18515956070257,0.2684565544484286
545000.0,463501.5079162885,461046.2039326881,0.14953851758479172,0.15404366250882917
375000.0,364142.2762865221,348520.815802301,0.02895392990260773,0.0706111578605307
426500.0,440159.78580476856,423377.3770676128,0.03202763377436942,0.00732150746163476
450000.0,409382.62220566184,407380.1910464778,0.09026083954297369,0.09471068656338262
310000.0,302316.49838646495,304406.82766125124,0.0247854890759195,0.018042491415318575
535000.0,542569.9064279166,537861.5809905933,0.014149357809189916,0.005348749515127661
405000.0,359885.3988011228,363293.48977971333,0.11139407703426471,0.10297903758095474
1175000.0,1218038.5525716692,1203642.392564893,0.03662855538014402,0.024376504310547234
525000.0,537329.1917552163,521085.83027141425,0.02348417477184064,0.007455561387782385
367950.0,380524.5116086268,372412.35813542875,0.03417451177776005,0.012127620968687988
375000.0,358913.8598749642,335607.3815015467,0.042896373666762064,0.1050469826625421
208000.0,195649.22388976847,196830.67253578323,0.05937873129919003,0.05369868973181138
490000.0,469167.8867610139,458238.50471570704,0.04251451681425738,0.06481937813121012
871000.0,684916.0103213793,717423.2597363158,0.21364407540599392,0.17632231947610125
286651.0,256994.03321136365,266423.96096793446,0.10346018952885686,0.07056329485006346
270950.0,164915.45676461628,184753.25286657218,0.39134358086504417,0.31812787279360705
449500.0,487488.8692420635,472711.5435054092,0.08451361344174303,0.05163858399423628
600000.0,545018.3426502668,547908.7569526869,0.09163609558288861,0.08681873841218844
350000.0,357352.8425504097,356071.02288260177,0.021008121572599216,0.017345779664576486
330000.0,372331.6725165469,393988.4932359791,0.1282777955046876,0.19390452495751245
1065000.0,921523.7786575002,851704.8862902976,0.13471945665962426,0.20027710207483793
282000.0,262428.0241066367,260297.49492366504,0.06940416983462162,0.07695923785934382
1349000.0,1198334.8249915612,1222896.9124988434,0.1116865641278271,0.09347893810315538
528000.0,453957.0239940354,438809.0319348241,0.14023290910220573,0.16892228800222714
535000.0,467194.1038566455,422680.7658845289,0.12673999279131679,0.2099424936737777
420000.0,378186.8423781839,379753.1724394752,0.09955513719480022,0.09582577990601145
350000.0,288488.53415296675,315562.07799192646,0.17574704527723786,0.09839406288021012
348000.0,421870.9802926696,420431.36350739445,0.2122729318754874,0.20813610203274266
175000.0,185693.33386343287,216133.76361695555,0.06110476493390211,0.23505007781117457
750000.0,608279.0816989788,622568.1777406785,0.18896122440136162,0.16990909634576196
276000.0,233698.4334754613,238060.3494731936,0.15326654537876344,0.1374625019087188
216500.0,164650.70455685505,180121.87354227065,0.23948866255494203,0.16802829772623254
825000.0,698193.9993975401,694401.3862933738,0.15370424315449682,0.15830134994742573
356000.0,360265.2665274377,364060.4320517803,0.011981085751229555,0.022641663066798552
572000.0,593828.9622327323,572798.1175362978,0.03816252138589568,0.0013953103781429485
222000.0,174589.24994040877,188875.69346129269,0.2135619372053659,0.1492085880121951
280000.0,243689.50645187235,253598.6486287503,0.12968033410045587,0.0942905406116061
291600.0,303077.56706814095,294811.39587103546,0.03936065524053825,0.011013017390382249
323800.0,306645.4909078537,309789.66659576574,0.05297871862923501,0.0432684787036265
590000.0,707142.3050349029,711268.0586476347,0.19854627972017436,0.20553908245361813
600000.0,488062.963739641,480080.69870338624,0.18656172710059832,0.19986550216102295
305000.0,343546.5155799462,298866.2042832066,0.12638201829490564,0.020110805628830795
300000.0,286712.6873585522,285150.79532171774,0.04429104213815939,0.04949734892760753
685000.0,695052.47872221,711569.265238888,0.014675151419284733,0.03878724852392406
235000.0,243505.2117129069,251336.92419710843,0.03619239026768891,0.06951882637067415
570000.0,419916.693684231,432826.2402498941,0.2633040461680157,0.24065571885983492
325000.0,266789.05503650056,267298.34517550626,0.17911059988769057,0.1775435533061346
167000.0,188355.8393403462,211304.77970327367,0.12787927748710298,0.26529808205553096
307000.0,298930.09339405544,313839.4096949215,0.026286340735975768,0.022278207475314386
335000.0,302571.05772241525,289695.9810785872,0.0968028127689097,0.1352358773773517
280000.0,227595.97282185405,241108.58313633228,0.1871572399219498,0.13889791737024185
1325000.0,966759.5658649512,1076131.4486883928,0.27037013896984813,0.18782532174460922
964000.0,969717.1253876936,989834.6058891264,0.00593062799553282,0.026799383702413304
1050000.0,1004146.9733258837,1116316.6402030364,0.04366954921344406,0.06315870495527273
535000.0,599800.3529206191,575290.4914181873,0.12112215499181135,0.07530932975362108
295000.0,282527.82972560375,296377.3312387162,0.042278543303038145,0.0046689194532752555
615000.0,612157.4438026195,614047.3948620253,0.004622042597366717,0.001548951443861337
219950.0,194795.64067766577,199211.2537324021,0.11436398873532272,0.0942884576840095
1545000.0,782881.8542059669,760384.0444160618,0.49328035326474634,0.5078420424491509
390000.0,269555.24366649496,252103.83706597608,0.3088327085474488,0.3535799049590357
350000.0,353243.7865612022,375169.7558584638,0.009267961603434856,0.07191358816703948
402500.0,456979.4634476471,459407.63687605044,0.1353527042177568,0.14138543323242345
475000.0,473420.61481052,478913.0796136737,0.0033250214515367867,0.008238062344576158
214946.0,220241.27434489407,232882.8443698219,0.02463537048790894,0.08344814218372006
490000.0,588010.3173987751,558657.8165228908,0.20002105591586763,0.14011799290385882
325000.0,345924.53655239614,351010.0122999951,0.06438318939198812,0.08003080707690804
645000.0,585005.4355825947,595427.0485924436,0.09301482855411672,0.07685728900396345
346300.0,338444.8984862321,353826.5968847228,0.022682938243626643,0.021734325396254178
255000.0,228458.6049960596,239918.03809082168,0.1040839019762368,0.059144948663444406
687015.0,738654.3059412042,780583.3113984112,0.07516474304229775,0.13619544172748946
425000.0,389874.5229249535,389919.762966981,0.08264818135305062,0.08254173419533886
390000.0,340088.88787270046,340847.75850269076,0.12797721058281933,0.12603138845463907
350000.0,355112.2557262306,360108.9926821552,0.01460644493208749,0.028882836234729203
853800.0,841064.2079521115,838037.3121987764,0.01491659879115543,0.018461803468287182
745000.0,623115.381141256,652471.2574442873,0.1636035152466363,0.12419965443719826
510000.0,463386.203591938,451403.8288225599,0.09139960080012154,0.11489445328909821
84000.0,194264.21032713886,194012.2601893414,1.3126691705611768,1.3096697641588264
1237500.0,1335318.1091141717,1306585.0769321446,0.07904493665791652,0.05582632479365219
328000.0,521210.0681919933,447008.3515442731,0.589055085951199,0.36283034007400333
840000.0,663830.067670718,638580.6585595649,0.20972610991581198,0.23978493028623232
237100.0,237445.49651743475,258368.73594132092,0.0014571763704544298,0.08970365221982673
274950.0,276310.9729690734,275926.0544901114,0.004949892595284214,0.0035499344975865395
166000.0,197473.76383769623,208043.09192128963,0.18960098697407365,0.253271638080058
370000.0,355012.9170859663,372632.37349826936,0.040505629497388305,0.007114522968295559
613500.0,664905.015315285,653543.054428621,0.0837897560151344,0.06526985236939033
845000.0,892885.4927568042,923931.0883261508,0.05666922219740144,0.0934095719836104
1564350.0,1524297.2749421317,1618033.9406037803,0.025603429576417227,0.03431709055120678
452000.0,384641.83146345464,397613.1585181621,0.1490224967622685,0.12032487053503962
712000.0,785235.9701393438,800330.7415645568,0.10285950862267382,0.12406003028729894
795000.0,725949.2076183398,728122.6682124522,0.0868563426184405,0.08412242992144377
593777.0,449523.3030749783,473773.604966206,0.24294254732841067,0.2021017907965347
335000.0,291116.2482420235,305012.8180176889,0.1309962739044074,0.0895139760666002
436000.0,377957.23363175313,360374.7963199178,0.13312561093634603,0.1734523020185372
550000.0,525353.3011832278,512146.08089864056,0.04481217966685855,0.06882530745701716
501000.0,471978.87939919205,472433.52577291674,0.057926388424766356,0.05701891063290073
361000.0,310231.38144869666,310982.4156388122,0.14063329238588182,0.13855286526644825
452950.0,454749.41344173346,448026.728428435,0.003972653585900115,0.01086934887198369
366000.0,323635.81164143106,333906.4092652829,0.11574914852068015,0.08768740637900843
250000.0,257405.98398603607,257940.1375458552,0.029623935944144263,0.03176055018342077
289950.0,277204.4920394879,278932.0049589677,0.04395760634768797,0.0379996380101132
605000.0,589949.4222606813,595391.493444636,0.02487698799887391,0.015881829017130582
562500.0,504708.71013752674,477025.36783334543,0.10274007086661913,0.15195490162960812
216600.0,278928.4636171441,286539.7646196316,0.28775837311700875,0.32289826694197404
270000.0,257034.6439796656,259046.80314902667,0.04801983711234967,0.040567395744345654
792000.0,763414.1257426075,765348.8618087749,0.03609327557751576,0.03365042700912263
721000.0,568037.8185330078,612876.1018764651,0.2121528175686439,0.14996379767480564
310000.0,377036.9529266266,361325.30189576256,0.2162482352471826,0.16556548998633083
325000.0,307271.73002413847,295939.8246858467,0.054548523002650874,0.08941592404354866
748000.0,681566.5638546511,688873.3732278403,0.08881475420501195,0.07904629247614935
250000.0,278493.8293176949,297337.37544658245,0.11397531727077952,0.18934950178632978
245000.0,239971.59268970412,251040.82593764286,0.020524111470595425,0.024656432398542292
410000.0,317814.6343758181,331048.52575386997,0.22484235518093154,0.19256457133202448
1039000.0,956588.2383988078,996932.3303257352,0.0793183461031686,0.04048861373846473
570000.0,574075.752259871,576711.085516884,0.0071504425611771776,0.011773834240147354
540000.0,377745.2267995363,357849.54240731033,0.3004718022230809,0.3373156622086846
1058800.0,781576.886377092,856761.769229908,0.2618276479249226,0.1908181250189762
505000.0,425145.5538554795,423671.26715189114,0.15812761612776333,0.16104699573882944
245000.0,250957.76930957704,244523.72812101967,0.024317425753375664,0.001943966852980951
270000.0,260280.7803025538,279459.582436953,0.03599710999054153,0.03503549050723323
424950.0,417512.91021844966,413143.6619221155,0.017501093732322254,0.02778288758179672
600000.0,545191.6777447164,534036.0104613716,0.09134720375880599,0.10993998256438063
550000.0,510338.8136447733,508302.3817328409,0.07211124791859395,0.07581385139483472
465000.0,375845.22952237463,380628.3497419109,0.19173068919919434,0.1814444091571809
2850000.0,1547370.3740241998,1374387.3841996775,0.4570630266581755,0.5177588125615167
529000.0,521740.4104932751,501615.7815914517,0.0137232315817106,0.05176600833373965
777700.0,708436.4970768167,664265.9487823236,0.08906198138508842,0.14585836597360985
238000.0,203830.6637293024,197499.3431907927,0.143568639792847,0.1701708269294425
265000.0,237709.07944936887,252874.712878481,0.10298460585143822,0.0457558004585623
654000.0,508824.1344862171,516507.68008274207,0.2219814457397292,0.21023290507225983
497000.0,416303.915721949,388685.8088119728,0.16236636675664182,0.21793599836625194
682000.0,548415.0123632927,555942.0969131263,0.19587241588960008,0.1848356350247415
432000.0,427273.2399169408,425270.7115575112,0.010941574266340737,0.015577056579835227
490000.0,454375.4552878283,472506.84133761027,0.07270315247381982,0.03570032380079537
426000.0,416529.20941454626,431626.1919754054,0.022231902782755254,0.013207023416444558
720000.0,844486.0396570312,744789.590708269,0.1728972773014322,0.03442998709481811
1250000.0,1220387.1620037467,1348999.2870834493,0.02369027039700262,0.07919942966675944
333700.0,301524.01700981543,295296.43048227666,0.09642188489716681,0.11508411602554193
370000.0,369630.22354695713,359378.48261618114,0.0009993958190347798,0.028706803740050982
201000.0,167226.06084847625,184616.2071808372,0.1680295480175311,0.08151140706051145
562000.0,552381.1665376124,565143.6260221587,0.01711536203271807,0.005593640608823232
1999000.0,1537003.3737104654,1639290.5477025174,0.23111387007980722,0.1799446984979903
171500.0,181167.482818192,186761.26913141587,0.056370162205201094,0.08898699201991762
480000.0,459513.7705555911,479363.34719854704,0.042679644675851884,0.0013263600030270026
1650000.0,1652103.513212513,1631411.3349223337,0.0012748564924320884,0.011265857622828052
405000.0,342654.0558392086,357883.3770014973,0.1539406028661516,0.11633734073704367
210000.0,237243.60033703077,261058.74714204186,0.129731430176337,0.24313689115258028
324950.0,304186.21891244705,293550.6881165944,0.06389838771365734,0.0966281332002019
1200000.0,896188.3752272837,919794.4283853674,0.25317635397726357,0.23350464301219384
263000.0,213781.20046398742,225011.19964783234,0.18714372447153071,0.14444410780291886
674950.0,686115.4357894822,679038.9122234435,0.01654261173343537,0.006058096486322699
342000.0,334517.1232429202,327828.4856499008,0.02187975659964852,0.041437176462278354
872500.0,782092.194532128,846756.4868781962,0.1036192612812286,0.029505459165391126
310000.0,274092.06821477873,300141.84056336834,0.1158320380168428,0.031800514311715024
435000.0,486063.72421763244,490416.9873891898,0.11738787176467226,0.12739537330848225
315000.0,269208.64848413423,280661.7099724929,0.14536936989163737,0.10901044453176861
244500.0,226541.11934755844,244688.96063566898,0.07345145461121291,0.0007728451356604354
514950.0,420102.7975288103,426258.1782370276,0.18418720743992567,0.17223385136998232
725000.0,650567.7626965651,637742.5325551431,0.10266515490128948,0.12035512751014743
1190000.0,922270.2027600826,911687.7858884581,0.22498302289068692,0.23387581017776626
380000.0,334564.55114182504,362732.80854144576,0.11956697067940779,0.04543997752251116
625000.0,575064.5179882118,605168.213326413,0.07989677121886109,0.031730858677739275
1450000.0,1193354.9315168643,1182694.2441651132,0.17699659895388667,0.18434879712750815
422000.0,404664.18098051543,412107.5996491179,0.0410801398565985,0.023441706992611586
581000.0,499777.2039528329,519842.05324516253,0.13979827202610515,0.1052632474265705
760000.0,825481.3091990885,819079.4015073914,0.08615961736722169,0.07773605461498863
253200.0,238566.59382566446,235392.57796960126,0.0577938632477707,0.07032947089414984
608500.0,590081.8321348343,594764.3381373433,0.030268147683099,0.022572985805516362
279000.0,278978.16196300247,284460.53787142516,7.827253404134337e-05,0.019571820327688734
455000.0,330565.9872408473,334231.2866393244,0.2734813467234125,0.2654257436498365
431000.0,347567.2218395365,322823.70862813364,0.1935795316948109,0.25098907510873864
1175000.0,905496.4457415474,996225.7390502814,0.2293647270284703,0.15214830719124992
425000.0,424352.03409357707,418857.60468183673,0.0015246256621716107,0.014452694866266512
377500.0,403685.98821790266,343362.63133468135,0.06936685620636467,0.09043011566971826
1000000.0,877548.52946029,935986.3502435163,0.12245147053971002,0.06401364975648373
550000.0,506997.6270780593,488169.9096742253,0.07818613258534672,0.11241834604686306
475000.0,309024.45803883974,292457.48308779113,0.34942219360244264,0.38430003560465026
577500.0,553311.5715460686,533050.7201568907,0.04188472459555213,0.07696844994477803
540000.0,619720.6586770972,561745.2502283809,0.1476308494020318,0.04026898190440908
440000.0,429185.8908150287,406962.2381531287,0.0245775208749348,0.07508582237925293
158000.0,219133.75276659688,214307.72648623463,0.3869224858645372,0.35637801573566225
442500.0,772908.1210042315,735468.762604681,0.7466850192186023,0.6620762996715954
350000.0,358072.7466303352,344137.29397749377,0.023064990372386362,0.01675058863573209
698000.0,613644.4325224331,612789.5455821711,0.12085324853519612,0.12207801492525636
619000.0,677356.742255364,696946.1846767653,0.09427583563063645,0.12592275392046098
275000.0,415728.98349263915,442174.0021127255,0.5117417581550514,0.6079054622280928
625000.0,597292.7215930169,611946.6023164534,0.044331645451173,0.020885436293674634
402000.0,432416.72518357076,412714.1631491653,0.0756634954815193,0.026652147137227068
880000.0,1001527.0407443454,988394.9909596514,0.13809890993675614,0.12317612609051298
323000.0,389531.337852548,411018.22064587695,0.20597937415649534,0.27250223110178623
295000.0,352020.3020839968,345947.90092883736,0.1932891596067689,0.1727047489113131
1000000.0,831902.2610220503,882316.4304132207,0.16809773897794972,0.11768356958677934
225000.0,192642.3192955137,193901.174749679,0.1438119142421613,0.13821700111253782
626700.0,624565.9949628449,604908.2082999797,0.0034051460621591172,0.03477228610183551
195000.0,192671.31235104895,207034.99680435346,0.011941987943338702,0.061717932330017745
495000.0,457869.9644240143,467690.86440723075,0.07501017288077914,0.05516997089448333
280000.0,239431.51000850426,252287.98365460717,0.1448874642553419,0.09897148694783152
450000.0,437482.9053968278,444914.7508903159,0.02781576578482714,0.011300553577075738
369000.0,423176.8640790012,469846.61152315314,0.14682076986179182,0.273297050198247
502000.0,412829.43573033187,407696.06746264844,0.17763060611487674,0.1878564393174334
625000.0,534348.9988614476,540164.4057321689,0.1450416018216839,0.1357369508285297
700000.0,873333.9986207613,859078.4932580121,0.24761999802965903,0.22725499036858873
530000.0,454846.34764044563,493310.9065943287,0.14179934407463088,0.06922470453900245
283200.0,303679.5028397852,288741.95246149885,0.07231462867155786,0.019569041177608926
1268890.0,1293673.4694078318,1274542.5243602055,0.019531613778839604,0.004454700060844922
710000.0,835258.7548407945,821473.6119786028,0.17642078146590773,0.1570050872938068
629500.0,675075.3369009849,635532.6657322608,0.07239926433833975,0.009583265658873382
606500.0,596739.552791443,581626.2385171293,0.016093070418066027,0.04101197276648091
750000.0,498957.46192020737,503434.4926419186,0.3347233841063902,0.3287540098107752
369950.0,336533.77878163155,338864.49391643296,0.09032631766013906,0.08402623620372225
346100.0,325296.5494670256,328143.996800811,0.06010820726083324,0.051880968503868904
345000.0,335624.08649853454,322652.6422300541,0.027176560873812927,0.06477495005781428
203000.0,195088.5906704567,185986.26291125864,0.03897245975144482,0.08381151275242048
898888.0,885553.4256236888,884334.3265811238,0.014834522628304253,0.01619075281778848
455000.0,252452.16783259783,254733.55036180682,0.4451600706975872,0.44014604316086414
617450.0,545037.0700431745,541236.4712913309,0.1172773989097505,0.12343271310821786
463828.0,416028.24530327076,450680.2921340326,0.1030549140990394,0.028346084897779813
603000.0,588819.6161371571,583009.0207099963,0.02351639114899324,0.0331525361359928
380000.0,283765.8760384881,280139.30973408034,0.2532476946355576,0.2627912901734728
303000.0,245920.29148283048,255565.5877606902,0.18838187629428885,0.1565492153112535
780000.0,701255.7079343677,645601.1432619308,0.10095422059696449,0.1723062265872682
625000.0,671236.9519200617,716304.0488585883,0.07397912307209875,0.14608647817374132
298000.0,267798.8125544427,273520.3835641984,0.10134626659582996,0.08214636387852889
459000.0,487520.40712038236,483794.9121913956,0.06213596322523389,0.054019416538988216
430000.0,299835.2794203424,301475.0334969677,0.3027086525108316,0.29889527093728446
534950.0,516582.28890026466,512084.09931250697,0.0343353791938225,0.042743996051019785
2900000.0,2882973.1083349674,2694863.4571552784,0.005871341953459517,0.07073673891197296
329000.0,245739.4901185875,246828.80927473307,0.253071458606117,0.24976045813151043
270000.0,250599.11729059645,258999.50397258208,0.07185512114593907,0.04074257787932562
229500.0,276438.82926185615,284793.00091865205,0.20452648915841462,0.24092810857800456
375000.0,350440.4262157118,339176.93529440224,0.06549219675810185,0.0955281725482607
605000.0,535327.0403869797,523814.40500380273,0.11516191671573603,0.13419106610941697
520000.0,500908.69879708916,507428.4439584347,0.03671404077482853,0.02417606931070253
570000.0,451244.99740344833,463761.748618511,0.2083421098185117,0.186382897160507
645000.0,549383.6856939403,528097.0121716777,0.1482423477613329,0.18124494236949198
479000.0,447550.24737601035,444806.44597479486,0.06565710359914333,0.07138529024051178
415000.0,456817.06224243564,456442.1874806397,0.10076400540345938,0.09986069272443307
390000.0,321520.4095552617,334696.45610697026,0.17558869344804687,0.14180395870007625
672500.0,816195.1526688916,796226.1091534151,0.21367308947047076,0.18397934446604472
360000.0,391071.5416326578,394930.47336916043,0.08630983786849393,0.09702909269211232
950000.0,718406.9898560027,771427.3117847966,0.24378211594104976,0.18797125075284563
1100000.0,799490.7386132311,811666.7129414366,0.27319023762433536,0.2621211700532395
351000.0,313030.05151941266,327447.53958082426,0.10817649139768472,0.06710102683525851
492000.0,319899.54043000116,321959.34965337656,0.3497976820528432,0.34561107794029156
468000.0,517164.3709476024,499957.47417733434,0.10505207467436406,0.06828520123362039
360000.0,258002.59235817473,274943.9766162996,0.28332613233840354,0.23626673162139
575000.0,495273.7881807526,501043.5289614741,0.1386542814247781,0.128619949632219
540000.0,511695.91611569637,518046.1378633543,0.05241497015611784,0.04065530025304761
550000.0,555078.2043247577,546841.1056274017,0.009233098772286692,0.005743444313815033
470000.0,461609.839287004,460391.74579176714,0.01785140577233186,0.020443094060069913
712000.0,644773.6869911813,618341.1906018697,0.09441897894497003,0.13154327162658747
352500.0,324265.346486259,331104.2020210328,0.08009830784039995,0.06069729923111261
515055.0,464290.4084123696,465267.040503562,0.09856149651518846,0.09666532602622628
510000.0,572019.9746853178,565146.4671712394,0.12160779350062322,0.10813032778674399
540000.0,502302.51930140227,497900.02191345417,0.06981014944184766,0.07796292238249228
369950.0,327356.26929409,336228.09839871974,0.11513374971188002,0.09115259251596232
454280.0,418116.65943399724,402597.73996508186,0.07960583905521433,0.11376741224557133
360000.0,376495.6493239405,391942.7809533964,0.04582124812205697,0.08872994709276778
369000.0,350244.777555254,345266.9643066707,0.05082716109687264,0.06431716990062139
911000.0,803161.102082856,818217.8855561214,0.11837420188490011,0.10184644834673835
361000.0,404482.226334602,407736.08962130116,0.12044938042826037,0.1294628521365683
450000.0,271263.23578369094,260452.3215397455,0.3971928093695757,0.42121706324501
378000.0,323939.3596950831,316672.4212506136,0.14301756694422457,0.1622422718237736
449950.0,412073.3279560218,444367.070248618,0.08417973562390972,0.012407889212983613
190000.0,260226.62034976183,227403.63092713922,0.3696137913145359,0.1968612154059959
519000.0,505960.98910208856,497893.07422635186,0.025123335063413188,0.040668450430921266
510000.0,342852.4836080639,358046.8848190192,0.32774022821948257,0.29794728466858983
658600.0,559242.7258679469,571498.2188972278,0.1508613333313895,0.13225293213296724
210000.0,253107.34879423768,254622.36569275582,0.2052730894963699,0.2124874556797896
460000.0,457406.38889402256,454707.32836551184,0.005638285012994437,0.011505807901061212
907500.0,704947.6900472477,742790.9515312528,0.22319813768898328,0.18149757407024483
615000.0,410510.1714359104,426064.42264515004,0.33250378628307253,0.307212320902195
747000.0,556842.9834958551,568989.3035736289,0.2545609324018004,0.238300798428877
500000.0,405345.2040262637,432412.3624888227,0.18930959194747266,0.13517527502235455
716528.0,579472.3058507531,585080.3037571902,0.1912775134387587,0.18345088571948306
358000.0,327609.6984616508,330104.9834399954,0.08488911044231616,0.07791904067040396
850000.0,748442.2922524787,812838.8240148779,0.11947965617355452,0.043719030570731884
658500.0,663858.4579043917,620458.7436414756,0.008137369634611525,0.05776956166822238
215000.0,236267.7131739277,237346.58243128113,0.0989195961578033,0.10393759270363316
355900.0,328018.48117301776,322722.0211091657,0.07834087897438112,0.09322275608551368
329000.0,317028.08084702014,344968.8511810902,0.036388812015136336,0.04853754158386087
500000.0,515875.2418172159,510068.2661438958,0.03175048363443184,0.020136532287791605
517500.0,497930.7360479135,495548.91601072595,0.03781500280596426,0.04241755360246193
655100.0,556016.6550130527,522549.32033523754,0.1512491909432869,0.20233655879218815
2500000.0,2051787.2361987617,2099359.476982572,0.1792851055204953,0.16025620920697115
525000.0,464075.71087101114,494465.8444362626,0.11604626500759783,0.05816029631188073
250000.0,282292.84319398925,285111.56425951887,0.129171372775957,0.14044625703807548
479500.0,355019.4397033979,334133.1655165878,0.25960492241210026,0.30316336701441543
570000.0,556434.5096666745,532837.2852450772,0.023799105847939407,0.06519774518407505
225000.0,231884.95883401376,215046.7520648599,0.03059981704006114,0.04423665748951155
253000.0,249573.3546351297,249344.21230377187,0.01354405282557426,0.014449753740032134
555000.0,480656.24712805066,472827.85576633544,0.1339527078773862,0.14805791753813433
261000.0,203221.1004141159,201430.31304063203,0.22137509419878962,0.22823634850332555
653000.0,502544.0547549011,506701.9241679645,0.23040726683782375,0.22403993236146327
499000.0,476514.20621628116,468267.2253118104,0.045061710989416505,0.06158872683003931
455000.0,484702.6467434001,471487.0281915186,0.06528054229318699,0.03623522679454642
268643.0,275032.36952998803,286057.49162544514,0.023783867549081995,0.06482391733804767
405000.0,360578.95729529124,381270.9697887574,0.10968158692520681,0.0585901980524509
500000.0,428268.8271702172,429677.7291533066,0.14346234565956564,0.14064454169338686
448000.0,551857.2001471611,581487.8463132471,0.23182410747134183,0.297963942663498
1115500.0,747125.7512598825,744321.0785764717,0.3302324058629471,0.3327466798955879
282000.0,352577.61213449546,367257.9792494114,0.25027522033509025,0.3023332597496857
256900.0,274628.44280066044,270474.89468863443,0.06900911950432247,0.052841162664984176
254000.0,225156.26253086425,247695.85719691234,0.11355802153203053,0.02481945985467581
625000.0,480579.4745997737,435731.7701677772,0.23107284064036207,0.3028291677315565
575000.0,492001.0093548617,488909.00687941245,0.14434607068719707,0.149723466296674
260000.0,278399.351221803,300357.7017843847,0.07076673546847305,0.15522192993994127
865000.0,1033344.0294336788,1048529.3418131936,0.1946173750678368,0.21217264949502154
546000.0,490021.1986954754,501575.3463292064,0.1025252771145139,0.08136383456189299
380000.0,354486.34121458925,369260.52817868954,0.06714120733002829,0.028261767950817012
603000.0,490736.0829928684,547607.7272117904,0.18617565009474563,0.09186114890250349
1220000.0,1366873.9815580007,1476358.1189650302,0.12038850947377104,0.21012960570904113
126500.0,220808.12018442506,218655.63660238276,0.7455187366357713,0.7285030561453183
430000.0,345668.02757244377,347689.17861342675,0.1961208661105959,0.19142051485249595
250000.0,263753.3340307919,277828.47012115555,0.055013336123167535,0.11131388048462221
339950.0,290937.58120544493,302684.39466721995,0.14417537518621876,0.1096208422791
429000.0,364931.5024631558,381819.78001520166,0.149343817102201,0.1099772027617677
643950.0,619638.9080701123,634402.276104707,0.03775307388754974,0.014826809372300586
248000.0,213042.45723551596,223538.00405692437,0.14095783372775822,0.09863708041562753
439950.0,349891.62887606974,349613.4077332741,0.20470137771094501,0.20533377035282624
195000.0,199266.77680593723,211070.85941602915,0.02188090669711401,0.08241466367194437
378000.0,368663.1737734376,350371.1670317331,0.024700598482969256,0.07309215070970083
310000.0,257237.76715557347,271074.09005674295,0.17020075111105332,0.12556745142986145
525000.0,512674.82388217305,508837.07480832003,0.023476525938718004,0.030786524174628512
695000.0,592417.5379252005,569398.5386363657,0.14760066485582657,0.18072152714191989
212000.0,186630.67560603976,198761.41316772965,0.11966662449981245,0.06244616430316201
440000.0,408639.94763140916,427522.97204849217,0.07127284629225192,0.028356881707972337
611206.0,725532.3325979998,797375.4442803885,0.1870504095149587,0.3045936137413385
730000.0,618587.01067372,637217.9152772202,0.15262053332367118,0.12709874619558878
370000.0,267372.1746989833,258464.4172612423,0.2773725008135586,0.3014475209155613
861111.0,880913.6852831186,890348.3888729827,0.02299666974770805,0.03395310113676715
931088.0,844167.8084738291,938871.7357480304,0.09335335814248592,0.008359828231091328
350000.0,306700.9211754765,314382.7872629067,0.12371165378435282,0.10176346496312363
405100.0,364104.3046759225,360913.1114524037,0.10119895167632068,0.1090764960444243
95000.0,138450.77206433922,169388.65685956593,0.45737654804567607,0.7830384932585888
411000.0,407425.5704426967,400748.2472511347,0.008696908898548215,0.02494343734517101
276200.0,242194.63086606027,239714.58876421483,0.12311864277313445,0.13209779592970736
374000.0,416788.8862305681,422925.1853361947,0.11440878671274896,0.1308160035727131
453250.0,429268.7365418458,424032.64452451427,0.05290957188781958,0.06446189845667012
530000.0,460344.6810767572,466222.29731118894,0.13142513004385434,0.12033528809209633
365000.0,442321.48372982175,440047.4463832321,0.21183968145156643,0.20560944214584131
305000.0,315827.9643853544,323026.83362966287,0.03550152257493255,0.059104372556271705
737000.0,754254.160904333,732966.1104866558,0.023411344510628217,0.005473391469937795
600000.0,645056.1074607706,619506.7401982087,0.07509351243461773,0.032511233663681194
200000.0,162711.0564336675,185574.86786507658,0.18644471783166255,0.0721256606746171
399900.0,396527.20350153535,410570.9946531943,0.00843409977110441,0.02668415767240392
680000.0,457435.527230073,458770.6997489616,0.32730069524989264,0.32533720625152707
295000.0,280130.29678314715,281059.7463713923,0.05040577361645035,0.047255097046127875
771005.0,744001.4592939145,726585.0969395055,0.035023820475983306,0.057612989618088674
420000.0,411145.5220781261,403065.89620251366,0.021082090290175985,0.04031929475591987
550000.0,382932.7523710289,368309.1457547933,0.3037586320526748,0.33034700771855763
414000.0,408348.82501984655,405511.1090016777,0.013650181111481753,0.020504567628797786
890000.0,776821.6501094062,736997.646937286,0.1271666852703301,0.17191275625024044
585000.0,571957.9833765001,578033.1949423047,0.022294045510256273,0.011909068474692738
375000.0,331783.0754180023,332361.07760859246,0.11524513221866048,0.11370379304375344
950000.0,873181.0790875375,885744.3436368036,0.08086202201311844,0.06763753301389099
540000.0,519655.69663539453,542975.660401854,0.037674635860380494,0.005510482225655492
220000.0,191294.1198876086,217694.72986087427,0.13048127323814274,0.010478500632389675
605000.0,629916.4149863406,614970.4143955328,0.0411841570022158,0.0164800237942691
265000.0,273671.84916272474,269753.918903294,0.03272395910462167,0.017939316616203845
700180.0,628494.3632615225,587270.9375153076,0.10238172575405968,0.16125719455667462
1655000.0,1115214.4316136544,1117489.7509787453,0.3261544219857073,0.3247796066593684
715000.0,657052.067584869,672834.0053105712,0.08104605932186155,0.05897341914605431
353000.0,275378.67258341605,280106.25224584533,0.21989044593933132,0.20649786899193956
518000.0,425225.75879031984,414624.7291680642,0.1791008517561393,0.199566159907212
915000.0,664183.5242108246,658871.7072542802,0.2741163669827053,0.27992163141608717
459950.0,465656.4188218857,472262.9240737906,0.012406606852670326,0.026770136044767055
1900000.0,1715770.5292940415,1917255.0468842986,0.09696287931892555,0.00908160362331503
595000.0,611568.7535128247,641326.796069059,0.027846644559369166,0.07786016146060346
535000.0,497606.2079708788,499448.0074029574,0.06989493837218914,0.06645232261129455
260000.0,246803.44032447692,257987.89547251564,0.050755998752011845,0.007738863567247552
350000.0,427946.7558675452,429719.6922006452,0.22270501676441487,0.22777054914470063
1200690.0,946225.9040169495,946434.623501635,0.21193155267641983,0.21175771972646143
485000.0,422442.62921600114,426020.3422461159,0.1289842696577296,0.12160754176058576
240000.0,257300.77340290084,253327.4745293641,0.07208655584542017,0.055531143872350364
600000.0,398993.7422635249,420760.9700340081,0.3350104295607918,0.29873171660998654
500000.0,592602.7635107175,586544.5357985585,0.18520552702143508,0.173089071597117
290000.0,260020.51515176485,258802.5468322887,0.10337753395943156,0.10757742471624586
800000.0,1040702.6488574643,1033984.4776089466,0.3008783110718304,0.2924805970111833
335000.0,321556.9457850167,316560.6282523822,0.040128520044726286,0.05504290073915757
460000.0,380033.3690229384,399130.01145544735,0.17384050212404692,0.13232606205337533
298000.0,156098.05329148556,177072.31498917652,0.4761810292232028,0.40579760070746135
225000.0,260685.69966624372,274815.1626349565,0.15860310962774984,0.22140072282202877
491500.0,451847.3392482751,444922.65316679236,0.08067682757217683,0.09476571074915086
975000.0,848674.5444276459,873524.0324018367,0.12956456981779912,0.10407791548529569
353500.0,337562.9375947892,331464.1144681069,0.04508362773751288,0.062336309849768366
320000.0,315021.7161806102,328907.192747822,0.015557136935593189,0.027834977336943668
210000.0,263088.68681553577,265222.97906167083,0.2528032705501703,0.2629665669603373
275000.0,278372.7315404268,277981.4384296207,0.012264478328824678,0.010841594289529815
533000.0,418153.5112665255,421953.65357982565,0.21547183627293529,0.20834211335867608
460000.0,468960.1322625454,466051.0847885281,0.019478548396837835,0.013154532148974123
337500.0,257830.26900262153,259356.7325301535,0.23605846221445473,0.2315356073180637
435000.0,288432.074294704,312165.6253595386,0.33693776024205974,0.2823778727366929
252500.0,244300.1528981392,259907.0256868788,0.03247464198756751,0.029334755195559597
300000.0,360990.111874368,382456.6333872898,0.20330037291455993,0.2748554446242994
385000.0,351015.20424945524,354555.1731140912,0.0882721967546617,0.07907747243093191
640500.0,492712.03932933585,456076.28394778766,0.2307384241540424,0.28793710546793494
265000.0,229143.7812593385,236747.03552142586,0.13530648581381702,0.10661496029650619
780000.0,562683.354948509,607104.3642455254,0.2786110833993474,0.2216610714800956
1850000.0,1898237.4064404753,1602621.0984944724,0.026074273751608246,0.133718325138123
778100.0,523132.0610790905,531075.6492510173,0.32768016825717705,0.31747121288906666
810000.0,757950.6779559916,767042.2311800933,0.0642584222765536,0.05303428249371204
190000.0,269416.1428781835,284179.51433761395,0.4179796993588606,0.49568165440849443
920000.0,927297.0235342574,914455.3990819403,0.007931547319845033,0.006026740128325764
725000.0,573093.6090716476,574605.2692665209,0.20952605645289982,0.2074410079082471
388598.0,386290.34762744897,376143.724464391,0.005938405170770396,0.032049252789795604
532500.0,460016.01263115817,459531.7769305289,0.13612016407294242,0.1370295268910255
427000.0,533517.7926207626,565072.7854044052,0.24945618880740655,0.3233554693311597
419950.0,401527.563906634,409870.2677277009,0.04386816548009526,0.02400221996023127
785000.0,601797.7188462619,642425.7951726185,0.2333787021066728,0.1816231908629064
775000.0,644317.8283469602,620574.8684468286,0.1686221569716642,0.1992582342621567
515000.0,655068.8607938921,675257.4967200777,0.2719783704735768,0.3111796052817043
190000.0,272708.90816382243,274982.3102576256,0.4353100429674865,0.44727531714539787
423000.0,474241.6013970666,472374.719416759,0.12113853758171775,0.11672510500415834
506000.0,478064.95246472675,476131.90301158285,0.05520760382465068,0.05902785966090346
700000.0,614082.9869657843,584816.3248081692,0.12273859004887952,0.1645481074169012
425000.0,368043.21092499373,366614.2266901084,0.1340159742941324,0.13737829014092137
605000.0,462672.6415331504,475060.7763716659,0.23525183217661091,0.21477557624518037
545000.0,494799.82903814304,469666.4887404173,0.09211040543459992,0.13822662616437195
259500.0,229073.72188537323,244809.6473739369,0.11724962664596056,0.05661022206575377
310000.0,361233.0412542897,392239.0811181732,0.1652678750138377,0.26528735844572
475000.0,465212.1993349667,465081.25881195907,0.020605896136912175,0.020881560395875652
435000.0,416732.9575379998,425309.6610508608,0.04199320106206946,0.022276641262388902
601002.0,528974.2777406459,532897.5319821462,0.11984606084398068,0.1133182052935827
389950.0,403505.33011089696,357377.7884738192,0.03476171332452099,0.0835291999645616
345000.0,428034.10777124914,435145.769526357,0.2406785732499975,0.2612920855836435
525000.0,443495.4699284135,460418.47853038367,0.15524672394587902,0.12301242184688825
358000.0,341521.1528829886,342412.7527623696,0.04603029920952899,0.043539796753157604
250000.0,208727.32079537862,212094.0719156343,0.16509071681848553,0.1516237123374628
353000.0,367957.85361037997,393248.35306445,0.042373522975580655,0.1140179973497168
546940.0,316774.7498464992,319818.8891195675,0.4208235823920372,0.4152578178235866
575000.0,468491.2638380562,460400.56909315014,0.1852325846294675,0.19930335809886932
860000.0,865239.0079140468,860483.2683804701,0.006091869667496229,0.0005619399772908236
299000.0,285643.91997507785,282318.66767846886,0.044669163962950335,0.05579040910211083
390000.0,337196.8975086628,367395.05515129317,0.13539257049060827,0.057961397047966226
487000.0,456703.62865544524,466681.5988263232,0.06221020809970177,0.04172156298496257
370000.0,601826.646120862,611764.8855685557,0.6265585030293567,0.6534186096447451
330000.0,337496.5628472454,355678.68309590366,0.02271685711286493,0.07781419119970806
259950.0,225001.48378336726,231892.70526462945,0.13444322453022786,0.10793342848767283
280000.0,319560.42977380584,345414.351534075,0.1412872491921637,0.23362268405026781
702000.0,741482.8193628136,768077.8446419572,0.05624333242566041,0.09412798382045186
464000.0,393527.6955943168,382748.05233802646,0.1518799663915586,0.17511195616804642
330000.0,370980.3372635085,346583.9677983066,0.12418284019245007,0.050254447873656384
4208000.0,2750552.495713231,2372152.234046747,0.346351593224042,0.4362756097797654
652500.0,486057.6893753187,474077.73050125904,0.255084000957366,0.2734440911858099
715000.0,407321.9534146536,459770.09994611895,0.43031894627321177,0.3569648951802532
1485000.0,1092040.4443882944,1194968.5112618841,0.26461922936815196,0.19530739982364706
158000.0,265832.3922354821,270128.852899667,0.6824834951612792,0.7096762841751075
637000.0,594426.2301890283,587396.8588165623,0.06683480347091317,0.07786992336489429
227500.0,199188.67498666025,205519.5946143117,0.12444538467402089,0.09661716653049801
495000.0,527267.2394027186,491319.57392593526,0.06518634222771436,0.007435204190029786
248500.0,193168.1738026436,206238.91726772167,0.222663284496404,0.1700647192445808
570000.0,492218.26609539834,485816.04922310036,0.13645918228877485,0.14769114171385903
532000.0,463789.7364026241,449180.41502718173,0.12821478119807497,0.15567591160304187
389000.0,373557.0173832268,365898.4050216966,0.03969918410481549,0.059387133620317265
359000.0,324170.7608938021,339790.9482809944,0.09701737912589944,0.053507107852383363
580000.0,528592.1664229153,538183.9264339259,0.08863419582255984,0.07209667856219679
560000.0,694091.756827006,721320.457009795,0.23944956576251072,0.2880722446603482
513000.0,444341.32861801295,452364.37179493735,0.1338375660467584,0.11819810566289014
307450.0,290258.99810583144,305510.1452168228,0.05591478905242659,0.006309496774035457
476900.0,426066.1923419323,462696.8057696737,0.10659217374306494,0.029782332208694227
240000.0,292940.25487445464,322549.84714326385,0.22058439531022767,0.343957696430266
306888.0,417730.8194618877,438311.05069880484,0.361183296387893,0.4282443454902272
290000.0,276254.492923802,279942.516041571,0.047398300262751734,0.03468097916699661
598200.0,566547.6863860919,574559.7122391363,0.052912593804594,0.03951903671157416
567500.0,537739.1760853906,558360.9686253242,0.05244198046627204,0.016104020043481593
284000.0,271456.0038522776,272192.9665632652,0.04416900052014934,0.04157406139695356
295000.0,307871.6950537327,305294.44892375806,0.04363286458892448,0.034896437029688324
579950.0,551021.5296626892,578712.0119754137,0.0498809730792496,0.0021346461325740945
327500.0,301134.06306079985,304541.34223865287,0.08050667767694704,0.07010277179037291
670000.0,642031.4834216317,639531.8856235184,0.04174405459457949,0.04547479757683824
472000.0,514090.8211915249,487054.0768603354,0.0891754686261121,0.03189423063630386
390000.0,392709.0347762876,381360.7516512055,0.0069462430161221,0.022151918843062893
365000.0,355896.99083636585,352109.5598774578,0.024939751133244255,0.035316274308334804
254000.0,267403.8067150505,266133.92872338486,0.0527708925789389,0.04777137292671205
355000.0,375969.28101188864,374964.0817569522,0.05906839721658772,0.056236850019583715
620000.0,579476.4162643052,574010.3468893021,0.06536061892853993,0.0741768598559643
449999.0,391456.24363646546,387921.5626663163,0.13009530324186175,0.1379501672974467
1540000.0,1251052.1469859988,1171335.2568097848,0.18762847598311763,0.2393926903832566
1075000.0,699244.9475117337,673470.6594775056,0.34953958371001514,0.37351566560232036
1185000.0,1042185.6271581708,992413.4698961399,0.12051845809437063,0.16252027856865828
680000.0,607382.6478201803,629485.8358788451,0.10679022379385253,0.07428553547228665
750000.0,691701.2208087167,655754.7930514272,0.0777317055883777,0.12566027593143037
382000.0,296346.5117906297,304583.89561511733,0.224223791124006,0.2026599591227295
280000.0,266296.0039408965,270023.77658861247,0.048942843068226854,0.03562936932638404
730000.0,786869.8667958962,801149.910671347,0.07790392711766603,0.0974656310566398
264000.0,260235.59309509944,260683.7831493785,0.014259117064017285,0.012561427464475415
433000.0,332009.53312508354,331752.56448748015,0.23323433458410267,0.23382779564092343
325000.0,364544.1954831156,364341.1308832716,0.12167444764035575,0.12104963348698945
1482500.0,1169538.3469822844,1192096.0098538462,0.21110398179947087,0.19588802033467376
415000.0,415586.26138658077,418512.5849668868,0.0014126780399536512,0.008464060161172985
449900.0,378934.3341838921,369744.7342364916,0.15773653215405176,0.17816240445323048
1267500.0,1036998.9882072505,1011159.033521841,0.18185484165108443,0.20224139367113134
700000.0,582725.3705850428,596682.6589725855,0.16753518487851035,0.14759620146773506
365000.0,337496.5628472454,355678.68309590366,0.0753518826102865,0.025537854531770796
415000.0,399877.4499894285,404253.79874876497,0.03643987954354576,0.025894460846349478
314950.0,275213.5137496806,277650.309520227,0.12616760200133165,0.11843051430313695
342000.0,299763.63368118694,307865.6927070757,0.12349814713103234,0.09980791606118222
448000.0,401793.387461679,406863.43411318015,0.10313976013018081,0.09182269171165146
555500.0,472532.79979382985,470455.3639034566,0.14935589596070234,0.15309565453923205
570000.0,457172.3124972165,443745.137238316,0.19794331140839208,0.22149975923102455
2998000.0,3467644.560264457,3400244.091918682,0.15665262183604303,0.13417081118034763
1350000.0,900232.647956783,931322.8323501366,0.3331610015134941,0.31013123529619513
310000.0,261723.7243467205,273618.8081429121,0.15572992146219194,0.11735868340996095
639500.0,581465.2885263473,577633.7792918176,0.0907501352207236,0.09674154919184118
934550.0,870469.3674125036,905905.6017776171,0.06856843677437957,0.030650471587804696
306000.0,278242.0805847361,294920.86709770927,0.09071215495184289,0.036206316674152715
590000.0,538592.9253238143,579914.7608219265,0.08713063504438259,0.017093625725548265
605000.0,588366.5441147655,579648.433755699,0.027493315512784333,0.041903415279836424
345000.0,343253.789504183,337561.01071260823,0.005061479698020317,0.021562287789541366
306500.0,226581.1104882561,231185.80243718228,0.2607467847038953,0.24572331994394034
450000.0,501954.34505901474,468155.58638154436,0.11545410013114386,0.04034574751454302
295000.0,271318.7695894741,273057.9579027105,0.08027535732381669,0.0743798037196255
450000.0,451269.1455167195,435050.009640473,0.0028203233704877655,0.033222200798948893
550000.0,567950.6663446304,557672.868376702,0.0326375751720553,0.013950669775821734
297300.0,295092.24945677706,293325.2072565952,0.007426002499908972,0.013369635867490088
625000.0,631533.7816412954,682338.8766858191,0.01045405062607266,0.0917422026973106
865000.0,931878.1565580165,884648.9423167115,0.07731578792834283,0.022715540250533562
355000.0,346362.3544843948,332952.4434895889,0.02433139581860627,0.062105792987073485
489500.0,463523.51132866135,465531.2736641462,0.053067392587004394,0.04896573306609561
273000.0,257181.91158568245,255207.8552995358,0.05794171580336099,0.06517269121049162
709000.0,570784.0496467676,576617.6479110501,0.19494492292416424,0.18671699871502098
379000.0,365335.0556370955,355280.1054277717,0.03605526217125205,0.06258547380535175
615000.0,539099.7359650075,535724.5944909055,0.1234150634715326,0.1289030983887715
393000.0,351393.28902523697,341084.4902510256,0.10586949357446064,0.13210053371240307
664500.0,589127.6259504281,580500.6059029385,0.11342719947264399,0.12640992339663126
1050000.0,992050.3838007139,1024627.9191568976,0.05519011066598674,0.0241638865172404
349950.0,306319.87772284076,322331.52347057563,0.12467530297802328,0.0789212073994124
585000.0,652979.288446737,666620.4030530803,0.11620391187476409,0.139522056500992
613000.0,601183.8311569628,629593.6470412633,0.01927596874883722,0.027069571029793297
568000.0,592414.1020234297,532994.2656484331,0.04298257398491145,0.061629813999237455
742500.0,656944.5735032455,610414.3691038084,0.11522616363199262,0.1778931055840964
285000.0,246067.09886169413,248534.6046785699,0.13660667066072235,0.12794875551378979
370000.0,222828.99566367763,248449.62285729256,0.39775947117924965,0.3285145328181282
750000.0,716174.6661393199,704647.5647755718,0.045100445147573484,0.06046991363257092
665000.0,775772.6343467754,796940.0879779338,0.16657538999515092,0.1984061473352388
280000.0,253337.55490831172,252040.2920862337,0.095223018184601,0.09985609969202248
616500.0,615725.1435043084,637509.2705883092,0.0012568637399701212,0.03407829779125573
3400000.0,2283505.6638670047,2216329.815874618,0.32838068709793977,0.3481382894486418
316000.0,473088.2544694278,486438.7958034923,0.49711472933363227,0.5393632778591528
323000.0,297529.57726854365,316474.3757313374,0.0788557979302054,0.020203171110410503
510000.0,464083.78020485054,449603.0611090922,0.09003180351990091,0.11842537037432901
1295000.0,1198575.5443684652,1277431.8638507933,0.07445903909771028,0.013566128300545688
649500.0,712562.1810145329,653997.4208992975,0.09709342727410765,0.0069244355647381985
350000.0,341663.10823333875,330606.08332642243,0.0238196907618893,0.0554111904959359
460000.0,398608.58805116,408517.15587253077,0.13345959119313047,0.11191922636406354
410000.0,385082.64526249794,343773.87628515007,0.06077403594512697,0.1615271310118291
530000.0,537180.2282738229,514654.71142854594,0.01354760051664703,0.028953374663120868
455000.0,368660.51490669936,392098.9598134777,0.18975711009516624,0.13824404436598306
205000.0,276847.72121925146,272704.7693748649,0.35047668887439737,0.33026716768226766
370000.0,341499.607908479,357480.37620414374,0.07702808673384055,0.03383682106988177
324500.0,361757.1946823872,374163.0089810212,0.11481415926775725,0.15304471180592044
455000.0,336048.0849058588,330765.67803318304,0.261432780426684,0.2730424658611362
455000.0,407792.19040896825,408109.7232695592,0.10375342767259725,0.10305555325371603
380000.0,376028.17832417705,394340.2671376206,0.010452162304797247,0.037737545099001575
451000.0,385801.4865099884,393954.1207777565,0.14456433146344042,0.12648753707814522
410000.0,396079.049572353,372237.5304870736,0.03395353762840727,0.0921035841778693
395000.0,488654.3236045818,523184.69009510695,0.23709955342932107,0.32451820277242266
1580000.0,1755167.5654745477,1797340.7037387213,0.11086554776870106,0.13755740742957046
465000.0,463447.27732478187,443326.2575505966,0.0033391885488561947,0.046610198815921274
512500.0,504630.10682119365,519704.00847032724,0.015355889129378242,0.014056601893321452
448500.0,511605.31196512585,501268.9461840066,0.14070303671154036,0.1176565132307839
245000.0,293210.0285999296,310719.06569038983,0.19677562693848813,0.26824108445057077
399000.0,370943.3967500701,385605.62541348714,0.07031730137827044,0.03356986111907984
600000.0,525370.7099087198,506279.6749112311,0.12438215015213373,0.15620054181461485
422000.0,502291.5651675457,477855.80943464144,0.1902643724349424,0.13235973799678066
337500.0,218654.88574669143,237018.33817711924,0.352133671861655,0.29772344243816523
565000.0,496972.31004312175,463325.2701797985,0.12040299107412081,0.1799552740180558
435000.0,525635.88214015,551710.760725849,0.20835834974747114,0.26830059936976774
342500.0,367439.2912804497,371529.59550505434,0.07281544899401378,0.08475794308045063
687500.0,598629.5540577241,524562.647353384,0.12926610318876497,0.23699978566780516
699950.0,647601.3480777303,661682.0461376322,0.07478913054113825,0.05467241068986039
279000.0,269944.33464603144,275388.3382816062,0.03245758191386582,0.012945024080264489
443000.0,359485.29657092993,384112.8831216134,0.18852077523492114,0.13292802907085008
209000.0,187043.2197256104,179171.41215322274,0.10505636494923255,0.1427205160132883
1999950.0,1643962.0397866326,1665843.930289181,0.17799843006743538,0.16705721128569168
330000.0,372009.65863567445,389675.98818670155,0.12730199586568017,0.18083632783848955
700000.0,598445.3219543538,638289.0902342508,0.14507811149378025,0.08815844252249891
525000.0,566163.2881494253,561624.0622467882,0.07840626314176247,0.06976011856531081
360000.0,346019.3694066533,351488.21549214615,0.03883508498151868,0.02364384585514959
679000.0,570447.4902680834,589493.5028080043,0.15987114835333813,0.13182105624741638
334000.0,310206.3678300785,316138.5768963961,0.07123841967042358,0.05347731468144876
500000.0,460663.4639120352,469132.1636719777,0.07867307217592956,0.0617356726560446
275000.0,366063.5148149174,377895.54136761336,0.33114005387242695,0.3741656049731395
770000.0,711712.2769558523,715736.1008495078,0.07569834161577625,0.07047259629934047
285000.0,232352.13445832697,256455.75446132067,0.18472935277780012,0.100155247504138
240000.0,215450.58486674415,224951.7408454648,0.1022892297218994,0.06270107981056329
255000.0,207609.77914376644,216584.53707481196,0.18584400335777865,0.15064887421642367
396000.0,352256.564493999,353116.98189439124,0.11046322097474999,0.10829044976163828
490000.0,451830.5122894325,462622.5220536304,0.07789691369503568,0.05587240397218289
450000.0,437806.5898461615,455649.23470090673,0.027096467008530033,0.012553854890903845
260000.0,261321.17294850235,266374.19503842725,0.005081434417316744,0.024516134763181728
589500.0,472681.41553105914,466458.28825154284,0.19816553769116346,0.20872215733410884
515000.0,457669.20075671363,474436.0030921537,0.11132194027822596,0.07876504253950739
812000.0,755965.6821039887,790686.8973015193,0.06900778066011241,0.026247663421774273
435000.0,420285.11045375007,417768.5657445075,0.03382733229022974,0.03961249254136213
650000.0,630901.4667783418,642463.1035082561,0.029382358802551082,0.011595225371913626
210000.0,342190.00134847814,350992.34377106174,0.629476196897515,0.6713921131955322
340000.0,274824.0439673826,272944.5051586218,0.19169398833122772,0.1972220436511123
419900.0,424182.6119789919,468013.8669757415,0.010199123550826122,0.11458410806320914
900000.0,799682.3914098904,794403.691579713,0.11146400954456624,0.11732923157809665
701000.0,707745.485499677,728301.7970663507,0.009622661197827412,0.03894692876797532
422000.0,342497.374225801,322420.74676410056,0.18839484780615884,0.23596979439786597
552500.0,576846.3262070633,573741.229492713,0.04406574879106476,0.03844566424020452
379000.0,376407.5439770962,382344.1209661963,0.006840253358585195,0.008823538169383359
310000.0,271549.18881410005,293875.2888098632,0.12403487479322564,0.05201519738753803
330000.0,303796.0050637022,293638.7740448455,0.07940604526150855,0.11018553319743792
739000.0,631336.8976511778,616049.5113456359,0.1456875539226281,0.1663741389098297
510000.0,433422.4567706274,423393.5890669653,0.15015204554778938,0.1698164920255583
870000.0,649003.2879611476,652673.5109428824,0.2540192092400602,0.24980056213461793
770000.0,587861.6899888046,623943.7524939409,0.23654325975479917,0.1896834383195573
475000.0,582573.9413944379,584856.9977189275,0.22647145556723772,0.23127788993458412
371000.0,349025.5629055477,353923.735786816,0.05923028866429198,0.04602766634281404
350000.0,338438.2619929019,346061.5150882626,0.033033537163137394,0.011252814033535376
589000.0,590635.7564933593,582772.0946823587,0.0027771757102875018,0.010573693238779845
399950.0,409852.4374456758,410476.53198713996,0.024759188512753542,0.02631961992033993
899000.0,792884.6124626048,753845.7322955987,0.11803713852880449,0.16146192180689797
640000.0,537114.6851750342,522112.52266181645,0.16075830441400904,0.18419918334091182
870000.0,779376.5537181047,815692.257842936,0.10416488078378768,0.062422692134556354
245000.0,401158.89991755714,397702.6724817563,0.6373832649696209,0.6232762142112502
360000.0,357736.73512962944,351095.4971001196,0.006286846862140454,0.02473473027744557
575000.0,411260.25416848075,415878.82153664436,0.2847647753591639,0.27673248428409675
382880.0,334423.2378723296,330552.14035517006,0.1265586139983034,0.13666908599255626
3650000.0,2713981.854768126,2474333.4749542745,0.25644332746078746,0.3221004178207467
334000.0,256125.92904866714,258179.73698140934,0.2331559010518948,0.22700677550476245
386180.0,388508.6213420447,374315.6919366523,0.006029885913420355,0.030722222961695862
467000.0,359491.9034519165,369139.755151825,0.23021005684814447,0.209550845499304
390000.0,417882.852081778,418662.2948668448,0.07149449251737947,0.07349306376114045
389000.0,356732.6381821298,356911.69539461326,0.0829495162413115,0.08248921492387337
521000.0,507852.1219446958,489435.21856854274,0.025235850394057912,0.06058499315058975
245000.0,274791.2514499812,302008.8160260533,0.12159694469380074,0.23268904500429907
426250.0,316155.74861502636,321158.03213550796,0.2582856337477388,0.24655007123634495
935000.0,782702.0649639145,765910.6284949102,0.1628854920172038,0.18084424759902654
438600.0,383596.6686410941,399930.2608000942,0.12540659224556744,0.0881663000453848
2200000.0,1825121.1950644003,1982859.935494177,0.17039945678890894,0.09870002932082862
343000.0,350335.2915275956,362041.5812267817,0.021385689584826832,0.05551481407224988
535000.0,467053.3012493002,470319.24079250067,0.12700317523495291,0.12089861534112024
625000.0,587125.7044308938,604149.7333974134,0.06059887291056998,0.03336042656413857
390000.0,379866.52861455467,367284.7356880911,0.025983259962680333,0.058244267466433124
530000.0,329389.7790077523,331007.14457721467,0.3785098509287692,0.37545821777884025
1380000.0,1244593.2077303017,1351148.4563142918,0.09812086396354952,0.020906915714281302
328000.0,321383.500917624,318323.34543751576,0.02017225329992688,0.02950199561733
220000.0,190983.05947593373,203940.33474989556,0.13189518420030125,0.07299847840956565
550000.0,482556.04275467765,500801.9080565932,0.122625376809677,0.08945107626073961
390000.0,332408.3817098905,298675.0128404247,0.1476708161284859,0.2341666337425007
440000.0,455740.255757473,450200.41769202024,0.03577330853971137,0.02318276748186419
860000.0,815415.604143041,775370.0544790331,0.051842320763905866,0.09840691339647313
276500.0,452318.2041500507,421228.84330432833,0.6358705394215215,0.5234316213538095
301000.0,236896.90224528892,244550.94642100774,0.21296710217511988,0.18753838398336298
602500.0,550399.6870855823,573769.6555395764,0.08647354840567255,0.04768521902144991
228800.0,266394.3206770639,274651.15178898117,0.1643108421200345,0.2003983906861065
347000.0,334896.7066398033,327802.1791106226,0.03487980795445733,0.05532513224604434
825000.0,656842.7520287123,617607.6653907083,0.20382696723792448,0.2513846480112627
325000.0,321131.0955534806,328272.2827935982,0.011904321373905808,0.010068562441840588
674725.0,673483.7610261084,682921.7984722505,0.0018396220295551452,0.012148354473675146
440000.0,379980.51444921386,370123.71856184024,0.13640792170633212,0.15880973054127218
750000.0,701239.4382320435,727750.8449518231,0.0650140823572753,0.02966554006423584
135000.0,165547.64736910217,165312.15748163994,0.22627886940075678,0.22453449986399954
495000.0,415085.3564271631,391487.509087181,0.16144372438956947,0.20911614325822017
280000.0,311450.8340499348,308902.38453260367,0.11232440732119575,0.10322280190215596
464950.0,419888.47658512474,446212.0265293328,0.09691692314200509,0.040301050587519524
536000.0,362473.26945775753,359196.44477660675,0.32374390026537775,0.32985737914812174
685000.0,511313.57876934577,516542.17896398326,0.2535568193148237,0.24592382632995144
475000.0,692220.7365604404,648331.1592203926,0.45730681381145344,0.36490770362187913
387000.0,324930.62117875356,337824.73993837816,0.16038599178616653,0.12706785545638719
275000.0,327718.6004684763,286540.6204688166,0.1917040017035502,0.04196589261387856
670000.0,476164.1473481935,472802.81023313117,0.2893072427638903,0.2943241638311475
435000.0,316635.252555757,294190.1500579132,0.2721028676879149,0.32370080446456734
377000.0,386829.81983760477,370009.2507244039,0.026073792672691685,0.018543101526780143
304950.0,293277.9277523235,291049.60262085707,0.038275363986478086,0.045582545922751044
729500.0,666312.2019340537,673527.5073946046,0.08661795485393602,0.07672720028155638
270000.0,312121.3835658414,316226.63974730484,0.15600512431793118,0.17120977684186978
1190000.0,1040609.3706735087,1062023.901757929,0.1255383439718414,0.10754293969921933
550000.0,502011.4428888054,494141.7489433395,0.0872519220203538,0.10156045646665544
450000.0,468095.662704923,477023.75150597456,0.04021258378871781,0.060052781124387916
439000.0,325377.50743381784,328316.84011541336,0.25882116757672474,0.2521256489398329
205000.0,249488.74781622304,258375.39559449218,0.21701828203035628,0.2603677833877667
385000.0,321812.9613507102,317373.29415222123,0.16412217830984366,0.175653781422802
729000.0,678524.1324417506,681425.8015567501,0.06923987319375774,0.0652595314722221
530000.0,427229.25975204195,420356.6214958643,0.19390705707161895,0.206874299064407
319950.0,299376.1171396182,299345.96803675557,0.06430343134984152,0.06439766201982944
885000.0,762187.424139759,741823.1476696343,0.13877127215846435,0.16178175404561093
365000.0,353878.26145478775,361435.2177934544,0.030470516562225356,0.009766526593275572
2480000.0,1875361.5790458242,1837450.854293771,0.24380581490087733,0.2590923974621891
700000.0,634096.0936018237,612823.8419937057,0.09414843771168048,0.1245373685804204
600000.0,520917.96528553194,483850.2254797485,0.1318033911907801,0.1935829575337525
245000.0,214793.452842596,236128.27856572915,0.12329202921389393,0.036211107894983045
900000.0,585790.8807871983,562027.7985669265,0.34912124356977964,0.3755246682589706
645000.0,609624.1318004346,624140.4525323036,0.054846307286147984,0.03234038367084707
425000.0,453029.02049408853,445658.7865384654,0.0659506364566789,0.04860890950227156
269500.0,247015.438519805,246074.88471167596,0.08343065484302412,0.08692065042049738
724500.0,723292.9389070299,710177.7075457842,0.0016660608598620813,0.019768519605542878
180000.0,154201.84056601982,191625.0271009726,0.14332310796655656,0.0645834838942922
2050000.0,1883081.9934354597,1663667.8276215463,0.08142341783636113,0.18845471823339202
372000.0,341028.5510308708,340308.45780530095,0.08325658325034727,0.08519231772768562
495000.0,500133.1689169123,473619.9288449653,0.010370038215984412,0.04319206293946405
1620000.0,1381426.8971911364,1410295.1736271596,0.14726734741287878,0.12944742368693854
242150.0,234835.59949231576,239086.8323847785,0.03020607271395517,0.012649876585676206
380000.0,232953.15309571216,247334.39126687596,0.38696538659023116,0.34912002298190536
170000.0,195063.09947078812,208296.1492162103,0.14742999688698893,0.2252714659777076
288000.0,240036.9636042476,253477.8784244958,0.16653832081858472,0.1198684776927229
204750.0,204035.24498881353,208202.44588527415,0.0034908669655016817,0.016861762565441522
465000.0,382226.4050233305,400181.7133823436,0.17800773113262264,0.1393941647691536
325000.0,320364.8984922853,324856.53095548303,0.014261850792968359,0.00044144321389836616
267000.0,286398.59459241654,296103.0551991303,0.0726539123311481,0.10900020673831581
554990.0,547044.9317878339,546031.6117242455,0.014315696160590424,0.01614153097489058
415000.0,355851.7707116877,343164.78529798635,0.14252585370677667,0.17309690289641844
498000.0,516586.5740193819,554173.9945626691,0.03732243778992348,0.1127991858688134
500000.0,502692.7527395443,516886.00276885414,0.005385505479088636,0.03377200553770829
751000.0,737885.6088547654,743390.4267570092,0.01746257143173712,0.010132587540600221
330000.0,304393.2092495256,303901.1152006121,0.07759633560749811,0.07908752969511482
250000.0,217977.89000565314,223231.66698464993,0.12808843997738742,0.10707333206140028
453500.0,489073.3925643271,491490.54077204457,0.07844187996544015,0.08377186498797037
480000.0,420641.97341127245,420025.59785844764,0.12366255539318238,0.12494667112823409
165000.0,250389.79642872646,267023.5922562722,0.5175139177498573,0.6183248015531649
775000.0,808068.9452263669,834997.8144789705,0.04266960674369918,0.07741653481157482
419950.0,412755.0766084179,416150.51156519336,0.017132809600147864,0.009047478115982
749950.0,734835.3823514474,717764.8660821749,0.020154167142546354,0.04291637298196555
479349.0,474647.980340212,476520.6559822591,0.009807091826180921,0.0059003857684921035
440000.0,241270.44079908775,280316.8142479451,0.4516580890929824,0.36291633125467027
456500.0,435482.96683291876,425502.92146354006,0.04603950310423055,0.06790159591776548
1695000.0,1246671.8223777614,1161627.9647369657,0.26450039977713197,0.31467376711683437
335000.0,335511.4254008018,332193.27017969196,0.001526642987468113,0.008378297971068784
725000.0,655897.9271647573,683227.1404336181,0.09531320391067961,0.05761773733294055
360000.0,310540.165342877,315749.63979148807,0.1373884296031195,0.12291766724586649
855000.0,638273.3790096808,615824.7514292636,0.2534814280588528,0.2797371328312706
183000.0,218576.8208463749,238957.35154054867,0.19440885708401587,0.3057778772707577
359000.0,336533.77878163155,338864.49391643296,0.06258000339378397,0.05608776067845973
450000.0,485195.9910469031,501345.622496977,0.07821331343756238,0.11410138332661551
445500.0,412071.7075618283,387076.0895707003,0.07503544879499818,0.13114233541930345
1310000.0,992836.5050130051,983004.2266768827,0.24210953815801137,0.2496150941397842
